,struct_ids,parent_chain,residue_name,residue_seqid,residue_x,residue_y,residue_z
0,4WWW,RA,G,2525,-93.784,-64.249,-52.39
1,5J5B,CA,A,2542,-67.303,87.519,179.82
2,5J7L,CA,A,2542,-67.475,87.75,180.149
3,7JSS,1,A,2476,230.375,173.247,144.952
4,7JSW,1,A,2476,229.558,174.921,144.999
5,7JSZ,1,A,2476,230.14,173.457,144.736
6,7ST7,1,A,2476,192.869,246.926,154.832
7,4V85,BA,G,2526,-166.018,47.483,-29.153
8,6U48,CA,U,2554,118.245,67.918,94.74
9,6WD2,1,A,2476,165.803,190.772,130.674
10,6WD8,1,A,2476,166.122,191.129,131.097
11,6WD9,1,A,2476,165.892,191.739,131.172
12,6WDA,1,A,2476,166.407,191.76,130.282
13,6WDK,1,A,2476,167.089,191.21,130.383
14,7S1G,I,A,2542,170.282,252.468,205.502
15,7S1H,I,A,2542,170.103,252.361,205.428
16,6VU3,a,U,2493,256.648,243.353,228.012
17,6VYQ,a,U,2493,257.259,244.113,227.298
18,6VYR,a,U,2493,258.777,251.504,230.057
19,6VYS,a,U,2493,260.356,245.279,230.368
20,6X7F,a,U,2493,293.728,255.523,249.446
21,6X7K,a,U,2493,293.53,254.928,249.195
22,6XDQ,a,U,2493,292.081,257.28,249.83
