struct_ids,parent_chain,residue_name,residue_seqid,residue_x,residue_y,residue_z
4U1U,BA,A,2482,-113.258,-47.265,-28.966
4U1V,BA,A,2482,-113.371,-47.706,-28.794
4U20,BA,A,2482,-113.607,-47.536,-28.929
4U24,BA,A,2482,-112.751,-47.528,-28.655
4U25,BA,A,2482,-113.3,-47.676,-28.826
4U26,BA,A,2482,-113.298,-47.36,-28.742
4U27,BA,A,2482,-113.625,-47.767,-28.81
4WOI,BA,A,2482,-109.644,-47.818,-27.874
4P70,RA,U,2500,-39.14849,125.90635,179.26621
6N1D,A23S,A,2476,31.232,-69.992,-153.872
4L71,RA,U,2500,-38.969,125.315,180.249
6Q95,1,C,2551,259.273,243.343,261.251
4WZO,14,C,2496,-53.064,122.377,165.8
5EL6,14,C,2527,-62.718,67.513,172.514
4V6F,AA,A,2476,-77.895,76.432,162.1
4V6G,BA,G,2489,-55.858,102.434,179.721
4W2E,A,A,2503,110.301,15.003,37.994
5WIS,1A,C,2551,110.06,-59.748,30.652
1VVJ,RA,C,2499,-43.71,126.361,177.9
4V8J,BA,C,2579,-16.808,106.873,170.76
4V5K,BA,G,2516,-40.288,91.96,182.597
4V5P,BA,G,2481,-75.802,-52.485,81.324
4V5Q,BA,G,2481,-75.648,-52.227,81.185
4V8O,BA,G,2481,17.903,73.008,78.942
4V8Q,AA,G,2481,4.322,66.454,57.548
4V8X,BA,C,2475,-79.967,73.878,158.656
5EL4,14,C,2527,-63.107,68.448,172.81
5EL7,14,C,2527,-62.989,67.984,173.172
5IB8,14,C,2556,-35.967,96.12,159.633
5IBB,14,G,2578,-17.363,107.508,177.19
5MDY,1,G,2536,263.189,208.152,220.332
5VPO,RA,C,2499,-43.856,125.933,178.991
6GSK,14,G,2570,-42.254,100.436,169.301
7RQA,1A,C,2538,109.537,-53.921,31.212
7RQB,1A,C,2538,109.647,-53.722,31.619
7RQC,1A,C,2538,109.476,-53.862,31.729
7RQD,1A,C,2538,109.652,-53.936,31.48
7RQE,1A,C,2538,109.728,-53.86,31.7
4V84,BA,G,2595,-40.484,129.306,135.297
5V8I,1A,G,2526,111.422,-62.938,46.005
4V4I,w,A,2476,-174.73,-28.865,-128.126
4V63,BA,G,2481,-63.711,87.318,160.212
6BOK,B,G,2508,89.712,-51.377,8.67
6V39,AN1,A,2514,323.934,268.736,257.482
6V3A,AN1,A,2514,221.333,280.934,256.739
6V3B,AN1,A,2514,323.654,267.467,257.47
6V3D,AN1,A,2514,269.479,226.019,296.132
7M4V,A,A,2674,215.961,162.535,221.232
7M4Y,A,A,2675,176.644,171.386,236.083
7M4Z,A,A,2675,261.845,258.114,232.778
3J9Z,LA,A,2476,161.799,187.389,129.02
3JA1,LA,A,2476,166.586,188.46,128.58
4V54,BB,C,2538,123.442,-59.011,-60.617
4V67,BA,G,2481,-64.867,88.287,159.206
6C5L,BA,G,2481,-64.121,88.433,160.858
6N9E,1A,C,2551,115.239,-59.672,29.886
6N9F,1A,C,2551,114.848,-59.644,29.57
4LEL,RA,U,2500,-38.077,124.949,179.532
4LFZ,RA,U,2500,-39.112,126.838,179.972
4LNT,RA,U,2500,-39.205,126.453,179.647
4LSK,RA,U,2500,-38.917,126.008,180.368
4LT8,RA,U,2500,-39.068,126.065,179.154
4V51,BA,C,2480,-60.136,82.289,162.181
4V5C,BA,C,2480,-58.551,81.314,161.932
4V5D,BA,C,2480,-112.784,-49.061,-31.165
4V5E,BA,G,2481,-64.744,87.1,162.518
4V5F,BA,G,2481,-76.185,-51.194,80.593
4V5G,BA,G,2481,-76.069,-53.249,82.281
4V5J,BA,G,2481,-64.273,88.578,160.482
4V5L,BA,G,2481,180.121,-53.758,76.178
4V5R,BA,G,2481,71.139,-179.262,119.898
4V5S,BA,G,2481,-75.257,-52.482,81.318
4V8G,BA,C,2568,92.968,-52.382,23.742
4V8H,BA,C,2538,109.833,-53.651,31.16
4V95,BA,G,2624,60.627,-92.66,18.902
4V97,BA,C,2571,-39.417,102.766,173.367
4WQ1,14,G,2481,-63.214,86.497,158.234
4WQR,14,G,2479,-63.518,77.028,165.111
4WR6,14,G,2481,-63.566,86.789,158.955
4WRO,14,G,2479,-63.457,76.848,164.772
4WSD,14,G,2479,-63.415,77.083,164.841
4WSM,14,G,2479,-63.79,77.584,164.493
4WT1,14,G,2479,-63.398,76.643,165.424
4Y4O,1A,C,2550,109.283,-53.733,31.428
4ZER,1A,C,2598,77.756,-44.179,-6.641
5CZP,RA,A,2541,-52.085,82.964,182.2
5EL5,14,C,2527,-63.208,68.102,172.491
5F8K,1A,C,2550,109.95,-53.667,31.64
5FDU,1A,C,2550,109.494,-53.799,31.093
5FDV,1A,C,2550,109.692,-53.959,31.082
5UQ7,A,A,2541,210.673,192.901,135.498
5UQ8,A,A,2541,210.628,192.69,135.582
6FKR,1A,A,2534,99.793,-50.345,48.568
6GSJ,14,G,2570,-41.94,100.065,168.876
6GSL,14,U,2493,-45.155,108.082,162.316
6QNQ,14,G,2535,-48.051,71.312,163.122
6QNR,14,G,2545,-30.748,82.128,175.875
6XHX,1A,C,2538,109.523,-53.779,31.615
7MD7,1A,C,2538,109.719,-53.819,31.837
5O2R,A,U,2479,198.132,194.373,251.066
1VY4,BA,C,2558,93.818,-40.043,22.65
1VY5,BA,C,2558,93.58,-40.167,22.637
1VY6,BA,C,2558,93.806,-40.107,22.905
1VY7,BA,C,2558,93.251,-39.544,22.722
4V5A,BA,C,2480,-58.221,81.116,161.756
4V6A,BA,G,2608,70.217,-40.465,-0.355
4V8N,BA,A,2534,-101.111,-49.875,-48.864
4V9H,BA,C,2521,49.37,61.332,105.109
4V9I,BA,C,2586,-84.608,-61.013,-7.327
4W4G,RA,U,2491,-41.619,101.287,173.802
4WRA,14,G,2481,-63.385,86.588,159.545
4WU1,14,G,2479,-64.15,77.987,164.123
4WZD,14,G,2479,-64.412,77.465,164.017
4Y4P,1A,C,2551,110.102,-60.022,30.5
4YPB,RA,U,2491,-41.543,101.64,173.765
4YZV,RA,U,2491,-41.523,101.809,174.095
4ZSN,RA,U,2491,-41.356,101.495,173.949
5E7K,14,C,2527,-63.121,68.319,173.706
5E81,14,A,2533,-51.473,60.117,164.745
5J4B,1A,C,2551,110.232,-60.115,30.68
5J4C,1A,C,2551,109.446,-59.555,30.403
5NDJ,14,G,2494,-63.371,76.999,164.504
5NDK,14,G,2494,-63.218,76.844,164.194
5OT7,4,A,2476,241.271,181.779,273.976
5VP2,1A,C,2551,110.355,-60.177,30.447
5VPP,RA,C,2499,-43.537,126.349,179.386
5WIT,1A,C,2551,110.127,-59.352,30.655
6BUW,RA,C,2499,-44.129,126.227,178.02
6BZ6,RA,C,2499,-43.596,125.717,177.786
6BZ7,RA,C,2499,-43.363,124.362,177.5
6BZ8,RA,C,2499,-43.545,125.702,177.419
6NDK,RA,C,2538,-57.09,81.087,165.808
6NSH,RA,U,2500,-38.969,127.511,180.204
6NTA,RA,U,2500,-39.09,127.576,179.806
6NUO,RA,U,2512,-39.195,127.528,179.306
6NWY,RA,C,2499,-43.43,126.286,179.181
6O3M,RA,C,2499,-43.793,126.38,178.024
6OF1,1A,C,2539,109.375,-59.566,30.121
6OF6,RA,C,2499,-43.698,126.976,179.673
6OJ2,RA,C,2499,-43.834,127.347,179.667
6OPE,RA,C,2499,-43.632,126.23,178.011
6ORD,RA,A,2541,-51.414,82.063,179.937
6OTR,RA,G,2490,-45.702,99.01,177.939
6OXA,RA,G,2490,-45.692,99.451,178.128
6OXI,RA,G,2490,-45.601,99.768,178.364
6UCQ,1A,C,2539,111.363,-60.056,29.926
6UO1,1A,C,2539,109.703,-59.397,30.161
6XHV,1A,G,2543,91.879,-69.501,29.113
6XHW,1A,C,2539,110.268,-59.696,30.833
6XHY,1A,C,2539,109.849,-59.888,30.643
6XQD,1A,C,2539,109.349,-59.709,29.885
6XQE,1A,C,2539,109.9,-59.861,31.161
7AZO,23SA,A,2546,-7.387,269.395,50.33
7AZS,23SA,A,2546,-7.052,271.729,50.261
7JQL,1A,C,2539,110.0,-59.96,30.502
7JQM,1A,C,2539,109.753,-59.386,30.917
7LH5,BA,C,2480,-61.31847,82.01655,161.25452
7U2H,1A,C,2539,110.514,-60.288,30.817
7U2I,1A,C,2539,110.314,-60.289,30.844
7U2J,1A,C,2539,109.862,-60.309,30.21
4V6C,BA,G,2525,-94.28,-64.719,-52.262
4V6D,BA,G,2525,-95.1,-63.483,-51.621
4V6E,BA,G,2525,-95.27,-63.54,-52.03
4V7U,BA,G,2525,-94.882,-64.519,-52.13
4V9D,CA,A,2482,-110.491,-49.19,-28.621
5GAG,A,C,2496,201.632,247.587,247.435
5H5U,A,A,2482,231.22,164.875,178.77
5JU8,BA,A,2482,188.444,175.357,238.456
5L3P,A,G,2549,218.744,218.654,224.234
5NP6,Y,G,2536,195.792,181.058,135.078
5NWY,N,A,2482,190.463,186.189,249.209
5U4I,A,C,2520,233.034,220.983,182.707
5U9F,01,A,2476,201.94,244.089,150.855
5U9G,01,A,2476,202.223,244.135,150.604
5WFK,A,C,2539,189.099,197.958,140.947
6BY1,CA,C,2512,-72.99,-57.207,-23.226
6OFX,1,A,2476,160.322,181.0,171.191
6OG7,1,A,2476,161.331,180.344,170.846
6WD6,1,A,2476,165.727,190.757,131.339
6WDE,1,A,2476,168.539,191.429,130.431
7D6Z,A,A,2476,191.419,219.42,156.539
7N2C,23,G,2536,308.5,258.951,311.388
7QGN,N,A,2482,236.246,223.326,298.644
7UG7,23,G,2536,160.904,224.577,172.851
1NKW,0,U,2563,66.434,126.345,121.55
1NWX,0,U,2563,65.838,127.424,120.895
1NWY,0,U,2563,65.059,128.109,122.116
1XBP,0,U,2563,66.78,126.95,122.574
2ZJQ,X,C,2646,84.096,73.551,134.076
2ZJR,X,C,2646,83.938,73.512,133.967
3DLL,X,C,2646,84.463,72.563,134.464
5DM6,X,G,2574,61.053,108.101,119.393
5DM7,X,G,2553,60.79,108.864,119.383
4V4J,w,A,2476,-176.155,-29.752,-128.366
4V7P,BA,A,2476,-79.476,76.627,161.006
4V83,BA,G,2595,-40.788,130.675,136.216
4V9N,BA,A,2566,-40.222,80.467,161.672
4V9Q,AA,G,2523,-42.365,71.106,174.027
4XEJ,A23S,G,2479,-62.645,76.796,164.482
4L47,RA,U,2500,-39.083,126.788,179.727
4TUA,RA,C,2499,-43.788,125.717,178.202
4TUB,RA,C,2511,-43.64,123.963,177.368
4TUC,RA,C,2499,-43.379,126.453,178.828
4TUD,RA,C,2499,-43.771,126.133,178.382
4TUE,RA,C,2499,-43.638,125.673,177.097
4V8U,BA,G,2481,-76.229,-51.084,80.651
4V90,BA,G,2481,-59.402,28.098,-87.463
4WPO,AA,G,2517,81.551,-62.903,-5.381
4WQF,AA,G,2537,104.162,-64.502,45.592
4WQY,AA,G,2537,104.402,-64.64,45.828
4WT8,C1,C,2579,-41.233,91.661,168.697
5IMQ,D,A,2476,209.034,186.634,268.919
5J30,RA,A,2541,-51.698,82.662,182.224
5J3C,RA,A,2541,-51.984,82.895,182.606
5J8B,A,A,2514,205.205,13.47,462.587
5ZLU,V,A,2476,195.945,174.307,262.188
6GZQ,A1,A,2490,284.919,363.382,321.806
5NGM,AA,U,2518,234.951,200.543,163.316
5T7V,B,G,2654,95.213,153.119,143.268
6HMA,A,G,2597,141.728,124.505,178.421
6S0X,A,A,2503,212.803,152.955,188.008
6S0Z,A,A,2503,214.957,151.602,188.308
6S12,A,A,2503,216.198,153.138,189.46
6S13,A,A,2503,215.011,155.353,187.617
6WRU,1,G,2758,151.865,170.52,209.417
7ASO,Y,U,2501,211.272,239.157,177.876
7ASP,Y,G,2700,228.787,239.596,155.942
3JBU,b,A,2476,217.977,236.32,148.82
3JCD,A,A,2476,222.875,157.737,172.274
4YBB,CA,A,2542,-67.543,87.304,179.713
5IT8,CA,A,2542,-67.193,87.781,179.796
5JC9,CA,A,2542,-67.593,88.103,180.91
5KCR,1A,A,2542,195.07,206.021,243.358
5KCS,1A,C,2539,192.318,191.39,244.403
5KPS,28,A,2476,172.469,195.216,135.435
5KPW,27,A,2476,172.707,195.208,134.761
5KPX,27,A,2476,172.789,195.655,135.375
5UYK,01,A,2476,174.481,194.722,136.716
5UYL,01,A,2476,174.491,194.788,136.751
5UYM,01,A,2476,175.032,195.467,136.213
5UYP,01,A,2476,172.66,194.407,135.066
5UYQ,01,A,2476,173.107,194.941,135.003
6BU8,01,A,2476,174.735,195.311,136.308
6GBZ,A,G,2481,183.664,125.849,210.047
6GC8,A,A,2482,177.679,125.367,209.828
6SZS,A,A,2476,194.222,181.279,257.73
6TBV,23S1,G,2536,156.93,228.842,186.437
6TC3,23S1,G,2536,157.427,227.847,186.196
6WDF,1,A,2476,164.06,192.623,130.815
6WDG,1,A,2476,164.191,192.75,130.758
6WDJ,1,A,2476,166.743,190.573,130.247
6WDL,1,A,2476,166.861,190.667,130.246
6XZ7,A,G,2536,271.418,226.665,213.115
6XZA,A2,G,2536,271.418,226.665,213.115
6XZB,A2,G,2536,271.418,226.665,213.115
6Y69,A,U,2492,190.273,213.641,232.081
7B5K,A,G,2536,186.054,175.926,221.734
7BL2,A,A,2482,170.614,102.948,181.501
7BL3,A,A,2482,170.427,105.054,183.195
7BL4,A,A,2482,212.467,212.042,224.286
7BV8,A,A,2482,182.133,207.238,124.386
7JT1,1,A,2476,215.741,152.501,140.31
7JT2,1,A,2476,216.839,152.841,140.493
7JT3,1,A,2476,218.131,152.669,139.637
7K50,1,A,2476,209.855,262.171,170.721
7K51,1,A,2476,208.489,261.97,170.819
7K52,1,A,2476,209.568,261.821,170.879
7K53,1,A,2476,207.491,261.48,170.635
7K54,1,A,2476,206.619,262.356,170.976
7K55,1,A,2476,206.824,262.076,170.76
7LV0,1,A,2476,209.445,269.272,170.522
7N1P,23,U,2528,307.329,245.654,321.397
7N2U,23,U,2528,307.388,245.447,321.403
7N2V,23,G,2532,303.901,244.278,309.956
7N30,23,G,2529,302.042,247.369,319.488
7N31,23,U,2528,307.406,245.466,321.389
7OIZ,a,A,2534,221.237,200.99,255.924
7OJ0,a,G,2535,216.871,199.931,251.274
7P3K,a,A,2534,226.231,299.617,260.952
7PJV,A,G,2536,209.404,139.18,154.24
7PJY,A,G,2536,210.077,142.22,153.078
7QG8,N,A,2482,354.319,339.179,426.09
7SS9,1,A,2476,183.628,238.265,140.215
7SSD,1,A,2476,183.854,236.795,142.097
7SSL,1,A,2476,184.702,239.116,143.039
7SSN,1,A,2476,238.249,241.917,199.115
7SSO,1,A,2476,238.393,241.23,199.072
7SSW,1,A,2476,182.798,240.098,140.62
7ST2,1,A,2476,194.168,245.804,153.54
7ST6,1,A,2476,239.614,237.853,196.864
1W2B,0,G,2670,27.856,162.056,128.01
3J9Y,A,C,2539,192.223,191.481,244.36
3JCJ,A,G,2525,197.95,188.142,249.331
4UY8,A,C,2475,3.99,-29.651,59.942
4V4H,BB,C,2538,122.999,-58.678,-60.318
4V4Q,BB,C,2538,122.993,-58.664,-60.33
4V50,BB,C,2538,122.809,-60.622,-61.171
4V52,BB,C,2538,123.333,-58.826,-60.314
4V53,BB,C,2538,123.304,-58.847,-60.321
4V56,BB,C,2538,123.385,-58.665,-60.14
4V57,BB,C,2538,123.222,-58.666,-60.186
4V5B,AB,C,2538,123.689,-57.998,-59.852
4V64,BB,C,2538,123.487,-58.537,-60.369
4V89,BA,G,2526,-170.333,46.88,-29.266
5AFI,A,C,2539,210.075,138.173,161.124
5GAD,A,C,2496,201.125,247.957,247.969
5GAE,A,G,2495,214.525,244.124,246.573
5GAH,A,C,2496,209.238,236.365,236.786
5JTE,BA,A,2476,194.182,168.208,254.622
5LZA,A,C,2539,210.76,135.57,158.446
5LZD,A,G,2536,200.766,129.066,151.531
5LZE,A,C,2539,210.054,134.675,159.184
5MDV,1,G,2536,263.231,208.178,220.221
5MDW,1,G,2536,263.328,208.128,220.454
5MDZ,1,G,2536,263.462,208.14,220.412
5MGP,A,U,2479,196.411,181.546,246.325
5WDT,A,C,2539,189.425,199.613,141.33
5WE4,A,C,2539,188.506,199.027,141.272
5WE6,A,C,2539,187.237,195.094,137.392
5WF0,A,C,2539,188.755,198.002,141.117
5WFS,A,C,2539,188.837,198.192,141.33
5ZEB,A,C,2720,214.977,188.602,181.464
5ZEP,A,C,2720,216.346,185.23,184.91
6C4I,A,G,2536,241.23,241.175,179.834
6DNC,B,A,2476,228.861,272.211,178.746
6ENF,A,A,2572,185.776,223.569,225.779
6ENJ,A,G,2508,193.562,215.024,218.128
6ENU,A,G,2508,193.337,214.563,217.837
6GC0,A,U,2650,222.85,136.191,207.122
6GWT,A,C,2483,181.488,177.665,233.165
6GXM,A,C,2483,181.439,177.637,233.13
6GXN,A,G,2484,176.366,176.555,233.567
6GXO,A,U,2479,196.013,187.251,246.7
6HA1,A,C,2544,191.704,219.422,235.397
6HA8,A,C,2544,192.035,220.157,234.9
6I0Y,A,G,2525,209.926,211.774,260.539
6I7V,DA,A,2542,-89.355,-70.167,-36.783
6O9J,B,C,2475,265.851,190.308,239.981
6OGF,1,A,2476,161.885,181.381,172.155
6OGI,1,A,2476,161.422,180.556,169.737
6OM6,1,U,2528,296.217,230.984,231.058
6ORE,1,G,2536,252.72,189.683,275.839
6ORL,1,G,2536,193.719,260.401,178.205
6OSK,1,G,2536,191.929,257.904,176.538
6OSQ,1,G,2536,195.627,258.735,179.205
6OT3,1,G,2536,195.299,259.29,178.592
6OUO,1,G,2536,250.681,312.174,235.664
6PJ6,I,A,2542,211.627,253.668,180.373
6Q97,1,G,2536,271.91,221.65,228.015
6Q9A,1,G,2536,271.292,222.011,228.57
6S0K,A,A,2476,201.132,224.296,279.91
6VWL,2,U,2546,346.087,304.252,286.565
6VWM,2,U,2546,345.533,304.364,286.584
6VWN,2,U,2546,345.43,304.441,286.268
6WD0,1,A,2476,164.204,192.38,130.186
6WD1,1,A,2476,164.228,192.858,129.907
6WD3,1,A,2476,165.723,191.482,130.544
6WD4,1,A,2476,165.949,190.928,130.918
6WD5,1,A,2476,165.908,190.725,130.775
6WD7,1,A,2476,166.159,190.98,130.283
6WDD,1,A,2476,167.309,191.976,130.953
6WDM,1,A,2476,167.024,190.706,130.525
6YSR,A,G,2536,210.706,141.435,156.574
6YSS,A,G,2536,210.464,141.411,156.098
6YST,A,G,2536,210.162,143.105,153.881
6YSU,A,G,2536,215.097,145.736,164.062
7K00,a,G,2686,143.072,146.951,218.47
7LVK,I,A,2542,211.555,253.767,180.17
7MT2,A,C,2739,207.794,196.573,167.449
7MT3,A,A,2735,205.595,185.965,182.641
7MT7,A,A,2735,205.705,186.797,184.055
7NSO,A,A,2476,198.863,183.418,261.008
7NSP,A,A,2476,199.762,183.208,260.92
7NSQ,A,A,2476,200.218,183.597,260.927
7NWT,1,G,2536,191.6365,234.60835,234.86326
7NWW,1,G,2536,215.798,226.811,160.582
7OIF,1,G,2536,215.706,226.852,160.597
7OIG,1,G,2536,215.565,226.797,160.578
7OII,1,G,2536,215.696,226.821,160.505
7OT5,1,G,2536,215.693,226.902,160.709
7P7T,A,G,2498,199.731,172.114,215.078
7PJS,A,G,2536,209.735,139.575,157.552
7S1I,I,A,2542,173.568,256.523,209.571
7S1J,I,A,2542,173.503,255.756,208.82
7S1K,I,A,2542,173.701,255.983,209.011
7TOS,23S,A,2476,163.51,186.46,126.349
7UNR,A,C,2508,167.501,209.998,217.633
7UNU,A,C,2508,167.664,210.378,217.676
7UNV,A,C,2508,167.448,223.497,216.293
7UNW,A,C,2508,167.449,223.335,216.236
4IO9,X,C,2646,84.513,73.948,133.844
4IOA,X,C,2646,84.411,72.626,134.436
4IOC,X,C,2646,84.613,73.123,133.566
4P6F,RA,C,2499,-42.992,124.401,177.268
4W29,BA,A,2476,108.367,-173.195,98.038
6B4V,B,G,2508,90.654,-51.499,8.092
6BOH,B,G,2508,88.971,-51.27,8.8
4V9J,BA,A,2476,107.155,-174.391,95.127
4V9K,BA,A,2476,99.076,-172.335,93.804
4V9L,BA,A,2476,99.806,-171.728,92.024
4V8I,BA,G,2548,79.305,-50.424,28.671
7M4W,A,A,2675,261.552,258.613,232.715
7M4X,A,A,2675,172.154,257.6,197.584
7RYF,A,U,2720,313.22,328.878,290.483
7RYG,A,U,2720,313.378,328.928,290.742
7RYH,A,U,2720,312.838,329.02,290.494
4V9R,BA,C,2658,86.681,-67.101,40.211
4WF1,BA,A,2482,-113.966,-47.524,-28.776
6CFK,1A,C,2550,109.993,-53.987,31.489
3J7Z,A,G,2525,206.105,197.374,253.343
4V9S,BA,C,2658,86.46,-67.114,40.324
4W2F,BA,U,2518,83.342,-59.141,0.287
4W2G,BA,C,2570,93.202,-39.942,22.329
4W2H,BA,U,2567,83.523,-45.298,15.136
4W2I,BA,U,2567,83.227,-44.875,14.611
4Z3S,1A,C,2539,109.661,-59.318,30.617
4Z8C,1A,G,2642,67.291,-111.577,23.7
5DOY,1A,C,2539,109.328,-59.285,30.349
5HAU,1A,G,2516,81.147,-62.637,-4.971
5HCP,1A,G,2642,67.025,-111.741,23.42
5HCQ,1A,G,2642,67.137,-111.642,23.551
5HCR,1A,G,2642,67.177,-111.657,23.614
5HD1,1A,G,2642,67.2,-111.428,23.59
5W4K,1A,C,2551,110.004,-59.814,30.472
6CAE,1A,C,2551,110.003,-59.967,30.46
6CFJ,1A,C,2551,109.834,-60.129,30.365
6ND5,1A,C,2539,109.826,-59.765,30.17
6ND6,1A,C,2539,110.077,-59.784,30.208
6O97,1A,C,2539,109.608,-59.76,30.287
7RQ8,1A,C,2539,110.353,-60.06,30.727
7RQ9,1A,G,2543,92.244,-69.777,29.204
4V7S,BA,G,2525,-94.172,-64.388,-52.279
4V7T,BA,G,2525,-94.544,-64.475,-52.112
4V7V,BA,G,2525,-94.341,-64.634,-52.028
5J88,CA,A,2542,-67.822,88.114,179.0
5J8A,CA,A,2542,-67.519,87.72,179.448
5J91,CA,A,2542,-67.25,87.641,179.729
1SM1,0,U,2563,65.249,128.248,122.038
2ZJP,X,C,2646,84.261,74.043,133.553
3CF5,X,C,2646,84.035,73.431,133.97
3PIO,X,U,2668,45.695,108.307,166.356
3PIP,X,A,2681,26.785,125.375,186.19
4V7L,BA,G,2581,68.11,-48.761,6.321
4V7M,BA,U,2584,-79.279,-40.365,-0.316
4V7W,BA,C,2527,115.559,-60.31,45.165
4V7X,BA,C,2527,116.033,-60.156,45.347
4V7Y,BA,C,2527,115.783,-60.409,45.085
4V7Z,BA,C,2527,114.256,-58.724,44.261
4V8A,AA,G,2548,182.669,-138.271,-147.757
4V9A,BA,A,2476,-26.024,271.601,37.925
4V9B,BA,A,2476,-25.814,273.264,37.53
4WQU,AA,G,2517,81.857,-62.795,-5.339
5DOX,1A,C,2538,109.496,-53.775,31.508
6CFL,1A,C,2550,109.89,-53.951,31.704
6CZR,1A,C,2550,109.442,-60.231,29.714
4V9C,BA,A,2482,-82.517,95.754,146.205
4V9O,AA,G,2525,127.143,203.837,40.06
4V9P,AA,G,2525,126.707,203.816,40.274
4WWW,RA,G,2525,-93.784,-64.249,-52.39
5J5B,CA,A,2542,-67.303,87.519,179.82
5J7L,CA,A,2542,-67.475,87.75,180.149
7JSS,1,A,2476,230.375,173.247,144.952
7JSW,1,A,2476,229.558,174.921,144.999
7JSZ,1,A,2476,230.14,173.457,144.736
7ST7,1,A,2476,192.869,246.926,154.832
4V85,BA,G,2526,-166.018,47.483,-29.153
6U48,CA,U,2554,118.245,67.918,94.74
6WD2,1,A,2476,165.803,190.772,130.674
6WD8,1,A,2476,166.122,191.129,131.097
6WD9,1,A,2476,165.892,191.739,131.172
6WDA,1,A,2476,166.407,191.76,130.282
6WDK,1,A,2476,167.089,191.21,130.383
7S1G,I,A,2542,170.282,252.468,205.502
7S1H,I,A,2542,170.103,252.361,205.428
6VU3,a,U,2493,256.648,243.353,228.012
6VYQ,a,U,2493,257.259,244.113,227.298
6VYR,a,U,2493,258.777,251.504,230.057
6VYS,a,U,2493,260.356,245.279,230.368
6X7F,a,U,2493,293.728,255.523,249.446
6X7K,a,U,2493,293.53,254.928,249.195
6XDQ,a,U,2493,292.081,257.28,249.83