ResNum,HelixName
5.8S:(1-19);25S:(398-419),H2
5.8S:(20-21);25S:(368-369),H3
5.8S:(22-39);25S:(326-342),H4
5.8S:(40-44);5.8S:(100-106),H5
5.8S:(45-62),H6
5.8S:(63-99),H7
5.8S:(107-115),H8
5.8S:(116-137),H9
25S:(1-21);5.8S:(138-158),H10
25S:(22-61),H11
25S:(62-76),H12
25S:(77-106),H13
25S:(107-112);25S:(319-325),H14
25S:(113-154),H15
25S:(155-165);25S:(258-267),H16
25S:(166-172);25S:(241-257),H17
25S:(173-187);25S:(229-240),H18
25S:(188-207),H19
25S:(208-213),H19a
25S:(214-228),H20
25S:(268-298),H21
25S:(299-318),H22
25S:(343-367),H23
25S:(370-397),H24
25S:(420-436);25S:(621-635),H25
25S:(636-652),H25a
25S:(437-494),H25hs
25S:(495-502);25S:(611-620),H25hs1
25S:(503-595),H25es7
25S:(596-610),H25hs2
25S:(653-660);25S:(1432-1442),H26
25S:(1443-1451);25S:(2353-2360),H26a
25S:(661-676);25S:(786-801),H27
25S:(677-703),H28
25S:(704-714),H29
25S:(715-750),H30
25S:(751-785),H31
25S:(802-814);25S:(924-941),H32
25S:(815-829);25S:(895-906),H33
25S:(830-865),H34
25S:(866-894),H35
25S:(907-923),H35a
25S:(942-953);25S:(1366-1375),H36
25S:(954-967),H37
25S:(968-986);25S:(1098-1114),H38
25S:(987-1062),H38a
25S:(1063-1097),H38es12
25S:(1115-1143),H39
25S:(1144-1160),H40
25S:(1161-1199);25S:(1306-1338),H41
25S:(1200-1230);25S:(1278-1305),H42
25S:(1231-1256),H43
25S:(1257-1261),H43a
25S:(1262-1277),H44
25S:(1339-1365),H45
25S:(1376-1431),H46
25S:(1452-1475),H47
25S:(1476-1484);25S:(1872-1878),H48
25S:(1858-1871),H60
25S:(1485-1488);25S:(1854-1857),H49
25S:(1839-1853),H49a
25S:(1489-1494);25S:(1835-1838),H49b
25S:(1495-1520),H50
25S:(1521-1529);25S:(1830-1834),H51
25S:(1530-1554);25S:(1584-1591),H52
25S:(1555-1583),H52es19
25S:(1592-1612),H53
25S:(1613-1631);25S:(1811-1829),H54
25S:(1632-1641),H54es20
25S:(1642-1657);25S:(1797-1810),H55
25S:(1792-1796),H55a
25S:(1658-1674);25S:(1773-1791),H56
25S:(1675-1693),H57
25S:(1694-1752),H58
25S:(1753-1772),H59
25S:(1879-1910);25S:(2333-2352),H61
25S:(1911-1938),H62
25S:(1939-1961);25S:(2080-2109),H63
25S:(1962-2060),H63es27
25S:(2061-2079),H63es38
25S:(2110-2114),H63a
25S:(2115-2131);25S:(2320-2332),H64
25S:(2132-2148),H65
25S:(2149-2186),H66
25S:(2187-2193);25S:(2313-2319),H67
25S:(2194-2248),H68
25S:(2249-2267),H69
25S:(2268-2272),H70
25S:(2273-2312),H71
25S:(2361-2384),H72
25S:(2385-2399);25S:(2980-2994),H73
25S:(2400-2418);25S:(2800-2820),H74
25S:(2419-2433);25S:(2597-2613),H75
25S:(2434-2452);25S:(2494-2512),H76
25S:(2453-2468);25S:(2483-2493),H77
25S:(2469-2482),H78
25S:(2513-2520);25S:(2586-2596),H79
25S:(2521-2530);25S:(2581-2585),H79es311
25S:(2531-2548),H79es312
25S:(2549-2560),H79es313
25S:(2561-2580),H79es314
25S:(2614-2627),H80
25S:(2628-2650),H81
25S:(2651-2655);25S:(2752-2759),H82
25S:(2656-2665);25S:(2702-2713),H83
25S:(2666-2691),H84
25S:(2692-2701),H85
25S:(2714-2741),H86
25S:(2742-2751),H87
25S:(2760-2799),H88
25S:(2821-2871),H89
25S:(2872-2886);25S:(2937-2955),H90
25S:(2887-2915),H91
25S:(2916-2930),H92
25S:(2931-2936),H92a
25S:(2956-2979),H93
25S:(2995-3010);25S:(3136-3151),H94
25S:(3011-3042),H95
25S:(3043-3098),H96
25S:(3099-3135),H97
25S:(3152-3175);25S:(3272-3293),H98
25S:(3176-3214),H98a
25S:(3215-3271),H98b
25S:(3294-3298);25S:(3390-3396),H99
25S:(3299-3315),H100
25S:(3316-3389),H101

5S:(1-14);5S:(108-121),H5S1
5S:(15-27);5S:(60-68),H5S2
5S:(28-59),H5S3
5S:(78-99),H5S4
5S:(100-107);5S:(69-77),H5S5

18S:(1-8);18S:(15-20),H1
18S:(9-14);18S:(1137-1144),H2
18S:(21-31);18S:(595-606),H3
18S:(32-41);18S:(466-478),H4
18S:(42-55);18S:(424-434),H5
18S:(56-92),H6
18S:(93-99);18S:(384-387),H6a
18S:(100-137);18S:(289-308),H7
18S:(138-175),H8
18S:(176-203),H9
18S:(204-265),HES3
18S:(266-288),H10
18S:(309-360),H11
18S:(361-383),H12
18S:(388-409),H13
18S:(410-423),H14
18S:(435-465),H15
18S:(479-509),H16
18S:(510-543),H17
18S:(544-594),H18
18S:(607-622);18S:(1106-1108),H19
18S:(623-638);18S:(966-976),H20
18S:(639-693),H21
18S:(694-742),HES61
18S:(743-764);18S:(789-810),HES62
18S:(765-773),HES621
18S:(774-788),HES622
18S:(811-859),HES63
18S:(860-883);18S:(945-965),H22
18S:(884-928),H23
18S:(929-944),H23a
18S:(977-1027),H24
18S:(1028-1037);18S:(1094-1105),H25
18S:(1038-1051);18S:(1067-1081),H26
18S:(1052-1066),HES7
18S:(1082-1093),H26a
18S:(1109-1136),H27
18S:(1145-1162);18S:(1616-1635),H28
18S:(1163-1169);18S:(1575-1581),H29
18S:(1170-1179);18S:(1458-1470),H30
18S:(1180-1185),H30a
18S:(1186-1201),H31
18S:(1202-1208),H31a
18S:(1209-1218);18S:(1446-1457),H32
18S:(1219-1265),H33
18S:(1266-1287);18S:(1422-1445),H34
18S:(1288-1293);18S:(1321-1329),H35
18S:(1294-1305),H36
18S:(1306-1320),H37
18S:(1330-1337);18S:(1415-1421),H38
18S:(1338-1353);18S:(1370-1386),H39
18S:(1354-1369),HES9
18S:(1387-1414),H40
18S:(1471-1536),H41
18S:(1537-1574),H42
18S:(1582-1615),H43
18S:(1636-1679);18S:(1722-1769),H44
18S:(1680-1721),HES12
18S:(1770-1800),H45
