<?xml version="1.0" encoding="utf-8"?>
<Tunnels>
  <Input>../../../../Volumes/LaCie/project2/structure/edited/2ZJP_edited.pdb</Input>
  <WorkingDirectory>../../../../Volumes/LaCie/project2/tunnel_geo/2ZJP/</WorkingDirectory>
  <Params>
     <Cavity ProbeRadius="10" InteriorThreshold="1.25" />
    <Tunnel SurfaceCoverRadius="10" OriginRadius="5" BottleneckTolerance="3" WeightFunction="LengthAndRadius" UseCustomExitsOnly="1"/>
  </Params>
  <Export>
    <Formats Mesh="1" PyMol="1" CSV="1" />
    <Types Cavities="1" Tunnels="1" />
    <Mesh Density="1.33" Compress="1" />
    <PyMol PDBId="2ZJP" SurfaceType="Spheres"  />
  </Export>
  <CustomExits>
    <Exit>
      <Point X="-6.3480000495910645" Y="151.20700073242188" Z="159.20599365234375" />
    </Exit>
  </CustomExits>
  <Origins Auto="0">
    <Origin>
      <Point X="54.27400016784668" Y="123.67499923706055" Z="122.5265007019043" />
    </Origin>
  </Origins>
</Tunnels>