<?xml version="1.0" encoding="utf-8"?>
<Tunnels>
  <Input>../../../../Volumes/LaCie/project2/structure/edited/3CF5_edited.pdb</Input>
  <WorkingDirectory>../../../../Volumes/LaCie/project2/tunnel_geo/3CF5/</WorkingDirectory>
  <Params>
     <Cavity ProbeRadius="10" InteriorThreshold="1.25" />
    <Tunnel SurfaceCoverRadius="10" OriginRadius="5" BottleneckTolerance="3" WeightFunction="LengthAndRadius" UseCustomExitsOnly="1"/>
  </Params>
  <Export>
    <Formats Mesh="1" PyMol="1" CSV="1" />
    <Types Cavities="1" Tunnels="1" />
    <Mesh Density="1.33" Compress="1" />
    <PyMol PDBId="3CF5" SurfaceType="Spheres"  />
  </Export>
  <CustomExits>
    <Exit>
      <Point X="-6.283999919891357" Y="150.83099365234375" Z="159.31900024414062" />
    </Exit>
  </CustomExits>
  <Origins Auto="0">
    <Origin>
      <Point X="53.87150001525879" Y="123.45099639892578" Z="122.31900024414062" />
    </Origin>
  </Origins>
</Tunnels>