<?xml version="1.0" encoding="utf-8"?>
<Tunnels>
  <Input>../../../../Volumes/LaCie/project2/structure/edited/3J7Z_edited.pdb</Input>
  <WorkingDirectory>../../../../Volumes/LaCie/project2/tunnel_geo/3J7Z/</WorkingDirectory>
  <Params>
     <Cavity ProbeRadius="10" InteriorThreshold="1.25" />
    <Tunnel SurfaceCoverRadius="10" OriginRadius="5" BottleneckTolerance="3" WeightFunction="LengthAndRadius" UseCustomExitsOnly="1"/>
  </Params>
  <Export>
    <Formats Mesh="1" PyMol="1" CSV="1" />
    <Types Cavities="1" Tunnels="1" />
    <Mesh Density="1.33" Compress="1" />
    <PyMol PDBId="3J7Z" SurfaceType="Spheres"  />
  </Export>
  <CustomExits>
    <Exit>
      <Point X="196.61199951171875" Y="271.80499267578125" Z="158.37100219726562" />
    </Exit>
  </CustomExits>
  <Origins Auto="0">
    <Origin>
      <Point X="187.81900024414062" Y="209.99600219726562" Z="200.2169952392578" />
    </Origin>
  </Origins>
</Tunnels>