<?xml version="1.0" encoding="utf-8"?>
<Tunnels>
  <Input>../../../../Volumes/LaCie/project2/structure/edited/4V4H_edited.pdb</Input>
  <WorkingDirectory>../../../../Volumes/LaCie/project2/tunnel_geo/4V4H/</WorkingDirectory>
  <Params>
     <Cavity ProbeRadius="10" InteriorThreshold="1.25" />
    <Tunnel SurfaceCoverRadius="10" OriginRadius="5" BottleneckTolerance="3" WeightFunction="LengthAndRadius" UseCustomExitsOnly="1"/>
  </Params>
  <Export>
    <Formats Mesh="1" PyMol="1" CSV="1" />
    <Types Cavities="1" Tunnels="1" />
    <Mesh Density="1.33" Compress="1" />
    <PyMol PDBId="4V4H" SurfaceType="Spheres"  />
  </Export>
  <CustomExits>
    <Exit>
      <Point X="16.184999465942383" Y="-59.816001892089844" Z="-110.45700073242188" />
    </Exit>
  </CustomExits>
  <Origins Auto="0">
    <Origin>
      <Point X="84.48550033569336" Y="-44.76849937438965" Z="-84.61999893188477" />
    </Origin>
  </Origins>
</Tunnels>