<?xml version="1.0" encoding="utf-8"?>
<Tunnels>
  <Input>../../../../Volumes/LaCie/project2/structure/edited/4V4Q_edited.pdb</Input>
  <WorkingDirectory>../../../../Volumes/LaCie/project2/tunnel_geo/4V4Q/</WorkingDirectory>
  <Params>
     <Cavity ProbeRadius="10" InteriorThreshold="1.25" />
    <Tunnel SurfaceCoverRadius="10" OriginRadius="5" BottleneckTolerance="3" WeightFunction="LengthAndRadius" UseCustomExitsOnly="1"/>
  </Params>
  <Export>
    <Formats Mesh="1" PyMol="1" CSV="1" />
    <Types Cavities="1" Tunnels="1" />
    <Mesh Density="1.33" Compress="1" />
    <PyMol PDBId="4V4Q" SurfaceType="Spheres"  />
  </Export>
  <CustomExits>
    <Exit>
      <Point X="16.270999908447266" Y="-59.99700164794922" Z="-110.56199645996094" />
    </Exit>
  </CustomExits>
  <Origins Auto="0">
    <Origin>
      <Point X="84.49850082397461" Y="-44.78249931335449" Z="-84.64649963378906" />
    </Origin>
  </Origins>
</Tunnels>