<?xml version="1.0" encoding="utf-8"?>
<Tunnels>
  <Input>../../../../Volumes/LaCie/project2/structure/edited/4V50_edited.pdb</Input>
  <WorkingDirectory>../../../../Volumes/LaCie/project2/tunnel_geo/4V50/</WorkingDirectory>
  <Params>
     <Cavity ProbeRadius="10" InteriorThreshold="1.25" />
    <Tunnel SurfaceCoverRadius="10" OriginRadius="5" BottleneckTolerance="3" WeightFunction="LengthAndRadius" UseCustomExitsOnly="1"/>
  </Params>
  <Export>
    <Formats Mesh="1" PyMol="1" CSV="1" />
    <Types Cavities="1" Tunnels="1" />
    <Mesh Density="1.33" Compress="1" />
    <PyMol PDBId="4V50" SurfaceType="Spheres"  />
  </Export>
  <CustomExits>
    <Exit>
      <Point X="14.890000343322754" Y="-62.24800109863281" Z="-111.23300170898438" />
    </Exit>
  </CustomExits>
  <Origins Auto="0">
    <Origin>
      <Point X="84.01499938964844" Y="-46.32350158691406" Z="-84.67599868774414" />
    </Origin>
  </Origins>
</Tunnels>