<?xml version="1.0" encoding="utf-8"?>
<Tunnels>
  <Input>../../../../Volumes/LaCie/project2/structure/edited/4V53_edited.pdb</Input>
  <WorkingDirectory>../../../../Volumes/LaCie/project2/tunnel_geo/4V53/</WorkingDirectory>
  <Params>
     <Cavity ProbeRadius="10" InteriorThreshold="1.25" />
    <Tunnel SurfaceCoverRadius="10" OriginRadius="5" BottleneckTolerance="3" WeightFunction="LengthAndRadius" UseCustomExitsOnly="1"/>
  </Params>
  <Export>
    <Formats Mesh="1" PyMol="1" CSV="1" />
    <Types Cavities="1" Tunnels="1" />
    <Mesh Density="1.33" Compress="1" />
    <PyMol PDBId="4V53" SurfaceType="Spheres"  />
  </Export>
  <CustomExits>
    <Exit>
      <Point X="16.018999099731445" Y="-60.64099884033203" Z="-111.83699798583984" />
    </Exit>
  </CustomExits>
  <Origins Auto="0">
    <Origin>
      <Point X="84.80400085449219" Y="-44.69999885559082" Z="-84.52999877929688" />
    </Origin>
  </Origins>
</Tunnels>