<?xml version="1.0" encoding="utf-8"?>
<Tunnels>
  <Input>../../../../Volumes/LaCie/project2/structure/edited/4V57_edited.pdb</Input>
  <WorkingDirectory>../../../../Volumes/LaCie/project2/tunnel_geo/4V57/</WorkingDirectory>
  <Params>
     <Cavity ProbeRadius="10" InteriorThreshold="1.25" />
    <Tunnel SurfaceCoverRadius="10" OriginRadius="5" BottleneckTolerance="3" WeightFunction="LengthAndRadius" UseCustomExitsOnly="1"/>
  </Params>
  <Export>
    <Formats Mesh="1" PyMol="1" CSV="1" />
    <Types Cavities="1" Tunnels="1" />
    <Mesh Density="1.33" Compress="1" />
    <PyMol PDBId="4V57" SurfaceType="Spheres"  />
  </Export>
  <CustomExits>
    <Exit>
      <Point X="16.450000762939453" Y="-60.722999572753906" Z="-112.19400024414062" />
    </Exit>
  </CustomExits>
  <Origins Auto="0">
    <Origin>
      <Point X="84.72999954223633" Y="-44.67799949645996" Z="-84.58549880981445" />
    </Origin>
  </Origins>
</Tunnels>