<?xml version="1.0" encoding="utf-8"?>
<Tunnels>
  <Input>../../../../Volumes/LaCie/project2/structure/edited/4V5L_edited.pdb</Input>
  <WorkingDirectory>../../../../Volumes/LaCie/project2/tunnel_geo/4V5L/</WorkingDirectory>
  <Params>
     <Cavity ProbeRadius="10" InteriorThreshold="1.25" />
    <Tunnel SurfaceCoverRadius="10" OriginRadius="5" BottleneckTolerance="3" WeightFunction="LengthAndRadius" UseCustomExitsOnly="1"/>
  </Params>
  <Export>
    <Formats Mesh="1" PyMol="1" CSV="1" />
    <Types Cavities="1" Tunnels="1" />
    <Mesh Density="1.33" Compress="1" />
    <PyMol PDBId="4V5L" SurfaceType="Spheres"  />
  </Export>
  <CustomExits>
    <Exit>
      <Point X="134.02499389648438" Y="42.16400146484375" Z="11.88599967956543" />
    </Exit>
  </CustomExits>
  <Origins Auto="0">
    <Origin>
      <Point X="159.87250518798828" Y="-11.556000471115112" Z="58.4685001373291" />
    </Origin>
  </Origins>
</Tunnels>