<?xml version="1.0" encoding="utf-8"?>
<Tunnels>
  <Input>../../../../Volumes/LaCie/project2/structure/edited/4V8O_edited.pdb</Input>
  <WorkingDirectory>../../../../Volumes/LaCie/project2/tunnel_geo/4V8O/</WorkingDirectory>
  <Params>
     <Cavity ProbeRadius="10" InteriorThreshold="1.25" />
    <Tunnel SurfaceCoverRadius="10" OriginRadius="5" BottleneckTolerance="3" WeightFunction="LengthAndRadius" UseCustomExitsOnly="1"/>
  </Params>
  <Export>
    <Formats Mesh="1" PyMol="1" CSV="1" />
    <Types Cavities="1" Tunnels="1" />
    <Mesh Density="1.33" Compress="1" />
    <PyMol PDBId="4V8O" SurfaceType="Spheres"  />
  </Export>
  <CustomExits>
    <Exit>
      <Point X="51.882999420166016" Y="-23.429000854492188" Z="8.109999656677246" />
    </Exit>
  </CustomExits>
  <Origins Auto="0">
    <Origin>
      <Point X="32.45699977874756" Y="29.333499908447266" Z="58.41150093078613" />
    </Origin>
  </Origins>
</Tunnels>