<?xml version="1.0" encoding="utf-8"?>
<Tunnels>
  <Input>../../../../Volumes/LaCie/project2/structure/edited/4V8Q_edited.pdb</Input>
  <WorkingDirectory>../../../../Volumes/LaCie/project2/tunnel_geo/4V8Q/</WorkingDirectory>
  <Params>
     <Cavity ProbeRadius="10" InteriorThreshold="1.25" />
    <Tunnel SurfaceCoverRadius="10" OriginRadius="5" BottleneckTolerance="3" WeightFunction="LengthAndRadius" UseCustomExitsOnly="1"/>
  </Params>
  <Export>
    <Formats Mesh="1" PyMol="1" CSV="1" />
    <Types Cavities="1" Tunnels="1" />
    <Mesh Density="1.33" Compress="1" />
    <PyMol PDBId="4V8Q" SurfaceType="Spheres"  />
  </Export>
  <CustomExits>
    <Exit>
      <Point X="36.52199935913086" Y="-37.560001373291016" Z="-1.3519999980926514" />
    </Exit>
  </CustomExits>
  <Origins Auto="0">
    <Origin>
      <Point X="17.80750036239624" Y="21.111000537872314" Z="42.21649932861328" />
    </Origin>
  </Origins>
</Tunnels>