<?xml version="1.0" encoding="utf-8"?>
<Tunnels>
  <Input>../../../../Volumes/LaCie/project2/structure/edited/4V97_edited.pdb</Input>
  <WorkingDirectory>../../../../Volumes/LaCie/project2/tunnel_geo/4V97/</WorkingDirectory>
  <Params>
     <Cavity ProbeRadius="10" InteriorThreshold="1.25" />
    <Tunnel SurfaceCoverRadius="10" OriginRadius="5" BottleneckTolerance="3" WeightFunction="LengthAndRadius" UseCustomExitsOnly="1"/>
  </Params>
  <Export>
    <Formats Mesh="1" PyMol="1" CSV="1" />
    <Types Cavities="1" Tunnels="1" />
    <Mesh Density="1.33" Compress="1" />
    <PyMol PDBId="4V97" SurfaceType="Spheres"  />
  </Export>
  <CustomExits>
    <Exit>
      <Point X="46.49599838256836" Y="140.96299743652344" Z="180.41600036621094" />
    </Exit>
  </CustomExits>
  <Origins Auto="0">
    <Origin>
      <Point X="-22.91450023651123" Y="114.68500137329102" Z="163.30149841308594" />
    </Origin>
  </Origins>
</Tunnels>