<?xml version="1.0" encoding="utf-8"?>
<Tunnels>
  <Input>../../../../Volumes/LaCie/project2/structure/edited/4V9B_edited.pdb</Input>
  <WorkingDirectory>../../../../Volumes/LaCie/project2/tunnel_geo/4V9B/</WorkingDirectory>
  <Params>
     <Cavity ProbeRadius="10" InteriorThreshold="1.25" />
    <Tunnel SurfaceCoverRadius="10" OriginRadius="5" BottleneckTolerance="3" WeightFunction="LengthAndRadius" UseCustomExitsOnly="1"/>
  </Params>
  <Export>
    <Formats Mesh="1" PyMol="1" CSV="1" />
    <Types Cavities="1" Tunnels="1" />
    <Mesh Density="1.33" Compress="1" />
    <PyMol PDBId="4V9B" SurfaceType="Spheres"  />
  </Export>
  <CustomExits>
    <Exit>
      <Point X="98.36499786376953" Y="296.5350036621094" Z="-25.56100082397461" />
    </Exit>
  </CustomExits>
  <Origins Auto="0">
    <Origin>
      <Point X="28.573500633239746" Y="277.10499572753906" Z="-1.2024998664855957" />
    </Origin>
  </Origins>
</Tunnels>