<?xml version="1.0" encoding="utf-8"?>
<Tunnels>
  <Input>../../../../Volumes/LaCie/project2/structure/edited/4V9P_edited.pdb</Input>
  <WorkingDirectory>../../../../Volumes/LaCie/project2/tunnel_geo/4V9P/</WorkingDirectory>
  <Params>
     <Cavity ProbeRadius="10" InteriorThreshold="1.25" />
    <Tunnel SurfaceCoverRadius="10" OriginRadius="5" BottleneckTolerance="3" WeightFunction="LengthAndRadius" UseCustomExitsOnly="1"/>
  </Params>
  <Export>
    <Formats Mesh="1" PyMol="1" CSV="1" />
    <Types Cavities="1" Tunnels="1" />
    <Mesh Density="1.33" Compress="1" />
    <PyMol PDBId="4V9P" SurfaceType="Spheres"  />
  </Export>
  <CustomExits>
    <Exit>
      <Point X="160.0679931640625" Y="319.97601318359375" Z="51.222999572753906" />
    </Exit>
  </CustomExits>
  <Origins Auto="0">
    <Origin>
      <Point X="166.5009994506836" Y="245.2249984741211" Z="41.47649955749512" />
    </Origin>
  </Origins>
</Tunnels>