<?xml version="1.0" encoding="utf-8"?>
<Tunnels>
  <Input>../../../../Volumes/LaCie/project2/structure/edited/4W2E_edited.pdb</Input>
  <WorkingDirectory>../../../../Volumes/LaCie/project2/tunnel_geo/4W2E/</WorkingDirectory>
  <Params>
     <Cavity ProbeRadius="10" InteriorThreshold="1.25" />
    <Tunnel SurfaceCoverRadius="10" OriginRadius="5" BottleneckTolerance="3" WeightFunction="LengthAndRadius" UseCustomExitsOnly="1"/>
  </Params>
  <Export>
    <Formats Mesh="1" PyMol="1" CSV="1" />
    <Types Cavities="1" Tunnels="1" />
    <Mesh Density="1.33" Compress="1" />
    <PyMol PDBId="4W2E" SurfaceType="Spheres"  />
  </Export>
  <CustomExits>
    <Exit>
      <Point X="124.04000091552734" Y="71.25499725341797" Z="-10.508000373840332" />
    </Exit>
  </CustomExits>
  <Origins Auto="0">
    <Origin>
      <Point X="127.09099960327148" Y="18.619500160217285" Z="44.84000015258789" />
    </Origin>
  </Origins>
</Tunnels>