<?xml version="1.0" encoding="utf-8"?>
<Tunnels>
  <Input>../../../../Volumes/LaCie/project2/structure/edited/4WPO_edited.pdb</Input>
  <WorkingDirectory>../../../../Volumes/LaCie/project2/tunnel_geo/4WPO/</WorkingDirectory>
  <Params>
     <Cavity ProbeRadius="10" InteriorThreshold="1.25" />
    <Tunnel SurfaceCoverRadius="10" OriginRadius="5" BottleneckTolerance="3" WeightFunction="LengthAndRadius" UseCustomExitsOnly="1"/>
  </Params>
  <Export>
    <Formats Mesh="1" PyMol="1" CSV="1" />
    <Types Cavities="1" Tunnels="1" />
    <Mesh Density="1.33" Compress="1" />
    <PyMol PDBId="4WPO" SurfaceType="Spheres"  />
  </Export>
  <CustomExits>
    <Exit>
      <Point X="7.416999816894531" Y="-71.40799713134766" Z="-27.702999114990234" />
    </Exit>
  </CustomExits>
  <Origins Auto="0">
    <Origin>
      <Point X="76.85199737548828" Y="-52.305999755859375" Z="-2.75600004196167" />
    </Origin>
  </Origins>
</Tunnels>