<?xml version="1.0" encoding="utf-8"?>
<Tunnels>
  <Input>../../../../Volumes/LaCie/project2/structure/edited/5GAE_edited.pdb</Input>
  <WorkingDirectory>../../../../Volumes/LaCie/project2/tunnel_geo/5GAE/</WorkingDirectory>
  <Params>
     <Cavity ProbeRadius="10" InteriorThreshold="1.25" />
    <Tunnel SurfaceCoverRadius="10" OriginRadius="5" BottleneckTolerance="3" WeightFunction="LengthAndRadius" UseCustomExitsOnly="1"/>
  </Params>
  <Export>
    <Formats Mesh="1" PyMol="1" CSV="1" />
    <Types Cavities="1" Tunnels="1" />
    <Mesh Density="1.33" Compress="1" />
    <PyMol PDBId="5GAE" SurfaceType="Spheres"  />
  </Export>
  <CustomExits>
    <Exit>
      <Point X="304.15399169921875" Y="221.8699951171875" Z="205.6060028076172" />
    </Exit>
  </CustomExits>
  <Origins Auto="0">
    <Origin>
      <Point X="235.43599700927734" Y="229.01100158691406" Z="236.6554946899414" />
    </Origin>
  </Origins>
</Tunnels>