<?xml version="1.0" encoding="utf-8"?>
<Tunnels>
  <Input>../../../../Volumes/LaCie/project2/structure/edited/5GAG_edited.pdb</Input>
  <WorkingDirectory>../../../../Volumes/LaCie/project2/tunnel_geo/5GAG/</WorkingDirectory>
  <Params>
     <Cavity ProbeRadius="10" InteriorThreshold="1.25" />
    <Tunnel SurfaceCoverRadius="10" OriginRadius="5" BottleneckTolerance="3" WeightFunction="LengthAndRadius" UseCustomExitsOnly="1"/>
  </Params>
  <Export>
    <Formats Mesh="1" PyMol="1" CSV="1" />
    <Types Cavities="1" Tunnels="1" />
    <Mesh Density="1.33" Compress="1" />
    <PyMol PDBId="5GAG" SurfaceType="Spheres"  />
  </Export>
  <CustomExits>
    <Exit>
      <Point X="290.7879943847656" Y="221.03700256347656" Z="206.4250030517578" />
    </Exit>
  </CustomExits>
  <Origins Auto="0">
    <Origin>
      <Point X="222.12000274658203" Y="227.83450317382812" Z="237.1439971923828" />
    </Origin>
  </Origins>
</Tunnels>