<?xml version="1.0" encoding="utf-8"?>
<Tunnels>
  <Input>../../../../Volumes/LaCie/project2/structure/edited/5GAH_edited.pdb</Input>
  <WorkingDirectory>../../../../Volumes/LaCie/project2/tunnel_geo/5GAH/</WorkingDirectory>
  <Params>
     <Cavity ProbeRadius="10" InteriorThreshold="1.25" />
    <Tunnel SurfaceCoverRadius="10" OriginRadius="5" BottleneckTolerance="3" WeightFunction="LengthAndRadius" UseCustomExitsOnly="1"/>
  </Params>
  <Export>
    <Formats Mesh="1" PyMol="1" CSV="1" />
    <Types Cavities="1" Tunnels="1" />
    <Mesh Density="1.33" Compress="1" />
    <PyMol PDBId="5GAH" SurfaceType="Spheres"  />
  </Export>
  <CustomExits>
    <Exit>
      <Point X="296.60699462890625" Y="204.93800354003906" Z="194.68699645996094" />
    </Exit>
  </CustomExits>
  <Origins Auto="0">
    <Origin>
      <Point X="228.9489974975586" Y="215.31100463867188" Z="226.739501953125" />
    </Origin>
  </Origins>
</Tunnels>