<?xml version="1.0" encoding="utf-8"?>
<Tunnels>
  <Input>../../../../Volumes/LaCie/project2/structure/edited/5HCQ_edited.pdb</Input>
  <WorkingDirectory>../../../../Volumes/LaCie/project2/tunnel_geo/5HCQ/</WorkingDirectory>
  <Params>
     <Cavity ProbeRadius="10" InteriorThreshold="1.25" />
    <Tunnel SurfaceCoverRadius="10" OriginRadius="5" BottleneckTolerance="3" WeightFunction="LengthAndRadius" UseCustomExitsOnly="1"/>
  </Params>
  <Export>
    <Formats Mesh="1" PyMol="1" CSV="1" />
    <Types Cavities="1" Tunnels="1" />
    <Mesh Density="1.33" Compress="1" />
    <PyMol PDBId="5HCQ" SurfaceType="Spheres"  />
  </Export>
  <CustomExits>
    <Exit>
      <Point X="7.011000156402588" Y="-71.29199981689453" Z="-27.722999572753906" />
    </Exit>
  </CustomExits>
  <Origins Auto="0">
    <Origin>
      <Point X="76.4834976196289" Y="-52.401498794555664" Z="-2.4075000286102295" />
    </Origin>
  </Origins>
</Tunnels>