<?xml version="1.0" encoding="utf-8"?>
<Tunnels>
  <Input>../../../../Volumes/LaCie/project2/structure/edited/5J4D_edited.pdb</Input>
  <WorkingDirectory>../../../../Volumes/LaCie/project2/tunnel_geo/5J4D/</WorkingDirectory>
  <Params>
     <Cavity ProbeRadius="10" InteriorThreshold="1.25" />
    <Tunnel SurfaceCoverRadius="10" OriginRadius="5" BottleneckTolerance="3" WeightFunction="LengthAndRadius" UseCustomExitsOnly="1"/>
  </Params>
  <Export>
    <Formats Mesh="1" PyMol="1" CSV="1" />
    <Types Cavities="1" Tunnels="1" />
    <Mesh Density="1.33" Compress="1" />
    <PyMol PDBId="5J4D" SurfaceType="Spheres"  />
  </Export>
  <CustomExits>
    <Exit>
      <Point X="10.972999572753906" Y="-72.78399658203125" Z="-26.2450008392334" />
    </Exit>
  </CustomExits>
  <Origins Auto="0">
    <Origin>
      <Point X="80.66300201416016" Y="-52.52149963378906" Z="-2.8305001258850098" />
    </Origin>
  </Origins>
</Tunnels>