<?xml version="1.0" encoding="utf-8"?>
<Tunnels>
  <Input>../../../../Volumes/LaCie/project2/structure/edited/5J8B_edited.pdb</Input>
  <WorkingDirectory>../../../../Volumes/LaCie/project2/tunnel_geo/5J8B/</WorkingDirectory>
  <Params>
     <Cavity ProbeRadius="10" InteriorThreshold="1.25" />
    <Tunnel SurfaceCoverRadius="10" OriginRadius="5" BottleneckTolerance="3" WeightFunction="LengthAndRadius" UseCustomExitsOnly="1"/>
  </Params>
  <Export>
    <Formats Mesh="1" PyMol="1" CSV="1" />
    <Types Cavities="1" Tunnels="1" />
    <Mesh Density="1.33" Compress="1" />
    <PyMol PDBId="5J8B" SurfaceType="Spheres"  />
  </Export>
  <CustomExits>
    <Exit>
      <Point X="230.77499389648438" Y="63.058998107910156" Z="411.9280090332031" />
    </Exit>
  </CustomExits>
  <Origins Auto="0">
    <Origin>
      <Point X="221.41649627685547" Y="15.666999816894531" Z="471.0709991455078" />
    </Origin>
  </Origins>
</Tunnels>