<?xml version="1.0" encoding="utf-8"?>
<Tunnels>
  <Input>../../../../Volumes/LaCie/project2/structure/edited/5JC9_edited.pdb</Input>
  <WorkingDirectory>../../../../Volumes/LaCie/project2/tunnel_geo/5JC9/</WorkingDirectory>
  <Params>
     <Cavity ProbeRadius="10" InteriorThreshold="1.25" />
    <Tunnel SurfaceCoverRadius="10" OriginRadius="5" BottleneckTolerance="3" WeightFunction="LengthAndRadius" UseCustomExitsOnly="1"/>
  </Params>
  <Export>
    <Formats Mesh="1" PyMol="1" CSV="1" />
    <Types Cavities="1" Tunnels="1" />
    <Mesh Density="1.33" Compress="1" />
    <PyMol PDBId="5JC9" SurfaceType="Spheres"  />
  </Export>
  <CustomExits>
    <Exit>
      <Point X="31.194000244140625" Y="129.3560028076172" Z="190.79800415039062" />
    </Exit>
  </CustomExits>
  <Origins Auto="0">
    <Origin>
      <Point X="-38.10350036621094" Y="116.35149765014648" Z="164.24899291992188" />
    </Origin>
  </Origins>
</Tunnels>