<?xml version="1.0" encoding="utf-8"?>
<Tunnels>
  <Input>../../../../Volumes/LaCie/project2/structure/edited/5JTE_edited.pdb</Input>
  <WorkingDirectory>../../../../Volumes/LaCie/project2/tunnel_geo/5JTE/</WorkingDirectory>
  <Params>
     <Cavity ProbeRadius="10" InteriorThreshold="1.25" />
    <Tunnel SurfaceCoverRadius="10" OriginRadius="5" BottleneckTolerance="3" WeightFunction="LengthAndRadius" UseCustomExitsOnly="1"/>
  </Params>
  <Export>
    <Formats Mesh="1" PyMol="1" CSV="1" />
    <Types Cavities="1" Tunnels="1" />
    <Mesh Density="1.33" Compress="1" />
    <PyMol PDBId="5JTE" SurfaceType="Spheres"  />
  </Export>
  <CustomExits>
    <Exit>
      <Point X="198.79200744628906" Y="272.9410095214844" Z="160.31700134277344" />
    </Exit>
  </CustomExits>
  <Origins Auto="0">
    <Origin>
      <Point X="190.44850158691406" Y="210.81600189208984" Z="202.3249969482422" />
    </Origin>
  </Origins>
</Tunnels>