<?xml version="1.0" encoding="utf-8"?>
<Tunnels>
  <Input>../../../../Volumes/LaCie/project2/structure/edited/5L3P_edited.pdb</Input>
  <WorkingDirectory>../../../../Volumes/LaCie/project2/tunnel_geo/5L3P/</WorkingDirectory>
  <Params>
     <Cavity ProbeRadius="10" InteriorThreshold="1.25" />
    <Tunnel SurfaceCoverRadius="10" OriginRadius="5" BottleneckTolerance="3" WeightFunction="LengthAndRadius" UseCustomExitsOnly="1"/>
  </Params>
  <Export>
    <Formats Mesh="1" PyMol="1" CSV="1" />
    <Types Cavities="1" Tunnels="1" />
    <Mesh Density="1.33" Compress="1" />
    <PyMol PDBId="5L3P" SurfaceType="Spheres"  />
  </Export>
  <CustomExits>
    <Exit>
      <Point X="205.28399658203125" Y="286.7120056152344" Z="168.03500366210938" />
    </Exit>
  </CustomExits>
  <Origins Auto="0">
    <Origin>
      <Point X="194.45000457763672" Y="225.52000427246094" Z="210.1230010986328" />
    </Origin>
  </Origins>
</Tunnels>