<?xml version="1.0" encoding="utf-8"?>
<Tunnels>
  <Input>../../../../Volumes/LaCie/project2/structure/edited/5OT7_edited.pdb</Input>
  <WorkingDirectory>../../../../Volumes/LaCie/project2/tunnel_geo/5OT7/</WorkingDirectory>
  <Params>
     <Cavity ProbeRadius="10" InteriorThreshold="1.25" />
    <Tunnel SurfaceCoverRadius="10" OriginRadius="5" BottleneckTolerance="3" WeightFunction="LengthAndRadius" UseCustomExitsOnly="1"/>
  </Params>
  <Export>
    <Formats Mesh="1" PyMol="1" CSV="1" />
    <Types Cavities="1" Tunnels="1" />
    <Mesh Density="1.33" Compress="1" />
    <PyMol PDBId="5OT7" SurfaceType="Spheres"  />
  </Export>
  <CustomExits>
    <Exit>
      <Point X="313.0150146484375" Y="297.2770080566406" Z="227.9550018310547" />
    </Exit>
  </CustomExits>
  <Origins Auto="0">
    <Origin>
      <Point X="267.6390075683594" Y="238.5135040283203" Z="249.47699737548828" />
    </Origin>
  </Origins>
</Tunnels>