<?xml version="1.0" encoding="utf-8"?>
<Tunnels>
  <Input>../../../../Volumes/LaCie/project2/structure/edited/5U9G_edited.pdb</Input>
  <WorkingDirectory>../../../../Volumes/LaCie/project2/tunnel_geo/5U9G/</WorkingDirectory>
  <Params>
     <Cavity ProbeRadius="10" InteriorThreshold="1.25" />
    <Tunnel SurfaceCoverRadius="10" OriginRadius="5" BottleneckTolerance="3" WeightFunction="LengthAndRadius" UseCustomExitsOnly="1"/>
  </Params>
  <Export>
    <Formats Mesh="1" PyMol="1" CSV="1" />
    <Types Cavities="1" Tunnels="1" />
    <Mesh Density="1.33" Compress="1" />
    <PyMol PDBId="5U9G" SurfaceType="Spheres"  />
  </Export>
  <CustomExits>
    <Exit>
      <Point X="268.4630126953125" Y="178.33900451660156" Z="254.9720001220703" />
    </Exit>
  </CustomExits>
  <Origins Auto="0">
    <Origin>
      <Point X="229.7385025024414" Y="202.9375" Z="196.3864974975586" />
    </Origin>
  </Origins>
</Tunnels>