<?xml version="1.0" encoding="utf-8"?>
<Tunnels>
  <Input>../../../../Volumes/LaCie/project2/structure/edited/5UQ8_edited.pdb</Input>
  <WorkingDirectory>../../../../Volumes/LaCie/project2/tunnel_geo/5UQ8/</WorkingDirectory>
  <Params>
     <Cavity ProbeRadius="10" InteriorThreshold="1.25" />
    <Tunnel SurfaceCoverRadius="10" OriginRadius="5" BottleneckTolerance="3" WeightFunction="LengthAndRadius" UseCustomExitsOnly="1"/>
  </Params>
  <Export>
    <Formats Mesh="1" PyMol="1" CSV="1" />
    <Types Cavities="1" Tunnels="1" />
    <Mesh Density="1.33" Compress="1" />
    <PyMol PDBId="5UQ8" SurfaceType="Spheres"  />
  </Export>
  <CustomExits>
    <Exit>
      <Point X="280.3219909667969" Y="200.677001953125" Z="222.28399658203125" />
    </Exit>
  </CustomExits>
  <Origins Auto="0">
    <Origin>
      <Point X="219.7509994506836" Y="189.4020004272461" Z="180.58399963378906" />
    </Origin>
  </Origins>
</Tunnels>