<?xml version="1.0" encoding="utf-8"?>
<Tunnels>
  <Input>../../../../Volumes/LaCie/project2/structure/edited/5UYM_edited.pdb</Input>
  <WorkingDirectory>../../../../Volumes/LaCie/project2/tunnel_geo/5UYM/</WorkingDirectory>
  <Params>
     <Cavity ProbeRadius="10" InteriorThreshold="1.25" />
    <Tunnel SurfaceCoverRadius="10" OriginRadius="5" BottleneckTolerance="3" WeightFunction="LengthAndRadius" UseCustomExitsOnly="1"/>
  </Params>
  <Export>
    <Formats Mesh="1" PyMol="1" CSV="1" />
    <Types Cavities="1" Tunnels="1" />
    <Mesh Density="1.33" Compress="1" />
    <PyMol PDBId="5UYM" SurfaceType="Spheres"  />
  </Export>
  <CustomExits>
    <Exit>
      <Point X="285.8269958496094" Y="205.4219970703125" Z="221.80499267578125" />
    </Exit>
  </CustomExits>
  <Origins Auto="0">
    <Origin>
      <Point X="222.44650268554688" Y="193.68900299072266" Z="184.43099975585938" />
    </Origin>
  </Origins>
</Tunnels>