<?xml version="1.0" encoding="utf-8"?>
<Tunnels>
  <Input>../../../../Volumes/LaCie/project2/structure/edited/5WF0_edited.pdb</Input>
  <WorkingDirectory>../../../../Volumes/LaCie/project2/tunnel_geo/5WF0/</WorkingDirectory>
  <Params>
     <Cavity ProbeRadius="10" InteriorThreshold="1.25" />
    <Tunnel SurfaceCoverRadius="10" OriginRadius="5" BottleneckTolerance="3" WeightFunction="LengthAndRadius" UseCustomExitsOnly="1"/>
  </Params>
  <Export>
    <Formats Mesh="1" PyMol="1" CSV="1" />
    <Types Cavities="1" Tunnels="1" />
    <Mesh Density="1.33" Compress="1" />
    <PyMol PDBId="5WF0" SurfaceType="Spheres"  />
  </Export>
  <CustomExits>
    <Exit>
      <Point X="274.3710021972656" Y="199.26400756835938" Z="224.12399291992188" />
    </Exit>
  </CustomExits>
  <Origins Auto="0">
    <Origin>
      <Point X="209.74200439453125" Y="192.65499877929688" Z="184.01850128173828" />
    </Origin>
  </Origins>
</Tunnels>