<?xml version="1.0" encoding="utf-8"?>
<Tunnels>
  <Input>../../../../Volumes/LaCie/project2/structure/edited/5WFS_edited.pdb</Input>
  <WorkingDirectory>../../../../Volumes/LaCie/project2/tunnel_geo/5WFS/</WorkingDirectory>
  <Params>
     <Cavity ProbeRadius="10" InteriorThreshold="1.25" />
    <Tunnel SurfaceCoverRadius="10" OriginRadius="5" BottleneckTolerance="3" WeightFunction="LengthAndRadius" UseCustomExitsOnly="1"/>
  </Params>
  <Export>
    <Formats Mesh="1" PyMol="1" CSV="1" />
    <Types Cavities="1" Tunnels="1" />
    <Mesh Density="1.33" Compress="1" />
    <PyMol PDBId="5WFS" SurfaceType="Spheres"  />
  </Export>
  <CustomExits>
    <Exit>
      <Point X="274.2229919433594" Y="199.1199951171875" Z="224.13400268554688" />
    </Exit>
  </CustomExits>
  <Origins Auto="0">
    <Origin>
      <Point X="209.7750015258789" Y="192.77899932861328" Z="183.92049407958984" />
    </Origin>
  </Origins>
</Tunnels>