<?xml version="1.0" encoding="utf-8"?>
<Tunnels>
  <Input>../../../../Volumes/LaCie/project2/structure/edited/5ZEP_edited.pdb</Input>
  <WorkingDirectory>../../../../Volumes/LaCie/project2/tunnel_geo/5ZEP/</WorkingDirectory>
  <Params>
     <Cavity ProbeRadius="10" InteriorThreshold="1.25" />
    <Tunnel SurfaceCoverRadius="10" OriginRadius="5" BottleneckTolerance="3" WeightFunction="LengthAndRadius" UseCustomExitsOnly="1"/>
  </Params>
  <Export>
    <Formats Mesh="1" PyMol="1" CSV="1" />
    <Types Cavities="1" Tunnels="1" />
    <Mesh Density="1.33" Compress="1" />
    <PyMol PDBId="5ZEP" SurfaceType="Spheres"  />
  </Export>
  <CustomExits>
    <Exit>
      <Point X="296.5740051269531" Y="217.03399658203125" Z="236.80799865722656" />
    </Exit>
  </CustomExits>
  <Origins Auto="0">
    <Origin>
      <Point X="233.677001953125" Y="206.27200317382812" Z="196.8560028076172" />
    </Origin>
  </Origins>
</Tunnels>