<?xml version="1.0" encoding="utf-8"?>
<Tunnels>
  <Input>../../../../Volumes/LaCie/project2/structure/edited/6B4V_edited.pdb</Input>
  <WorkingDirectory>../../../../Volumes/LaCie/project2/tunnel_geo/6B4V/</WorkingDirectory>
  <Params>
     <Cavity ProbeRadius="10" InteriorThreshold="1.25" />
    <Tunnel SurfaceCoverRadius="10" OriginRadius="5" BottleneckTolerance="3" WeightFunction="LengthAndRadius" UseCustomExitsOnly="1"/>
  </Params>
  <Export>
    <Formats Mesh="1" PyMol="1" CSV="1" />
    <Types Cavities="1" Tunnels="1" />
    <Mesh Density="1.33" Compress="1" />
    <PyMol PDBId="6B4V" SurfaceType="Spheres"  />
  </Export>
  <CustomExits>
    <Exit>
      <Point X="11.24899959564209" Y="-72.36100006103516" Z="-26.219999313354492" />
    </Exit>
  </CustomExits>
  <Origins Auto="0">
    <Origin>
      <Point X="80.87149810791016" Y="-52.34049987792969" Z="-2.7704999446868896" />
    </Origin>
  </Origins>
</Tunnels>