<?xml version="1.0" encoding="utf-8"?>
<Tunnels>
  <Input>../../../../Volumes/LaCie/project2/structure/edited/6BOK_edited.pdb</Input>
  <WorkingDirectory>../../../../Volumes/LaCie/project2/tunnel_geo/6BOK/</WorkingDirectory>
  <Params>
     <Cavity ProbeRadius="10" InteriorThreshold="1.25" />
    <Tunnel SurfaceCoverRadius="10" OriginRadius="5" BottleneckTolerance="3" WeightFunction="LengthAndRadius" UseCustomExitsOnly="1"/>
  </Params>
  <Export>
    <Formats Mesh="1" PyMol="1" CSV="1" />
    <Types Cavities="1" Tunnels="1" />
    <Mesh Density="1.33" Compress="1" />
    <PyMol PDBId="6BOK" SurfaceType="Spheres"  />
  </Export>
  <CustomExits>
    <Exit>
      <Point X="10.638999938964844" Y="-72.00700378417969" Z="-26.134000778198242" />
    </Exit>
  </CustomExits>
  <Origins Auto="0">
    <Origin>
      <Point X="80.30000305175781" Y="-52.03299903869629" Z="-2.629000186920166" />
    </Origin>
  </Origins>
</Tunnels>