<?xml version="1.0" encoding="utf-8"?>
<Tunnels>
  <Input>../../../../Volumes/LaCie/project2/structure/edited/6C4I_edited.pdb</Input>
  <WorkingDirectory>../../../../Volumes/LaCie/project2/tunnel_geo/6C4I/</WorkingDirectory>
  <Params>
     <Cavity ProbeRadius="10" InteriorThreshold="1.25" />
    <Tunnel SurfaceCoverRadius="10" OriginRadius="5" BottleneckTolerance="3" WeightFunction="LengthAndRadius" UseCustomExitsOnly="1"/>
  </Params>
  <Export>
    <Formats Mesh="1" PyMol="1" CSV="1" />
    <Types Cavities="1" Tunnels="1" />
    <Mesh Density="1.33" Compress="1" />
    <PyMol PDBId="6C4I" SurfaceType="Spheres"  />
  </Export>
  <CustomExits>
    <Exit>
      <Point X="282.85198974609375" Y="155.67300415039062" Z="247.20599365234375" />
    </Exit>
  </CustomExits>
  <Origins Auto="0">
    <Origin>
      <Point X="240.2845001220703" Y="207.16549682617188" Z="213.98200225830078" />
    </Origin>
  </Origins>
</Tunnels>