<?xml version="1.0" encoding="utf-8"?>
<Tunnels>
  <Input>../../../../Volumes/LaCie/project2/structure/edited/6CAE_edited.pdb</Input>
  <WorkingDirectory>../../../../Volumes/LaCie/project2/tunnel_geo/6CAE/</WorkingDirectory>
  <Params>
     <Cavity ProbeRadius="10" InteriorThreshold="1.25" />
    <Tunnel SurfaceCoverRadius="10" OriginRadius="5" BottleneckTolerance="3" WeightFunction="LengthAndRadius" UseCustomExitsOnly="1"/>
  </Params>
  <Export>
    <Formats Mesh="1" PyMol="1" CSV="1" />
    <Types Cavities="1" Tunnels="1" />
    <Mesh Density="1.33" Compress="1" />
    <PyMol PDBId="6CAE" SurfaceType="Spheres"  />
  </Export>
  <CustomExits>
    <Exit>
      <Point X="7.136000156402588" Y="-70.81400299072266" Z="-27.368999481201172" />
    </Exit>
  </CustomExits>
  <Origins Auto="0">
    <Origin>
      <Point X="76.37649917602539" Y="-52.07299995422363" Z="-2.2829999923706055" />
    </Origin>
  </Origins>
</Tunnels>