<?xml version="1.0" encoding="utf-8"?>
<Tunnels>
  <Input>../../../../Volumes/LaCie/project2/structure/edited/6D90_edited.pdb</Input>
  <WorkingDirectory>../../../../Volumes/LaCie/project2/tunnel_geo/6D90/</WorkingDirectory>
  <Params>
     <Cavity ProbeRadius="10" InteriorThreshold="1.25" />
    <Tunnel SurfaceCoverRadius="10" OriginRadius="5" BottleneckTolerance="3" WeightFunction="LengthAndRadius" UseCustomExitsOnly="1"/>
  </Params>
  <Export>
    <Formats Mesh="1" PyMol="1" CSV="1" />
    <Types Cavities="1" Tunnels="1" />
    <Mesh Density="1.33" Compress="1" />
    <PyMol PDBId="6D90" SurfaceType="Spheres"  />
  </Export>
  <CustomExits>
    <Exit>
      <Point X="205.8780059814453" Y="209.50799560546875" Z="300.2049865722656" />
    </Exit>
  </CustomExits>
  <Origins Auto="0">
    <Origin>
      <Point X="230.6780014038086" Y="210.07949829101562" Z="226.20800018310547" />
    </Origin>
  </Origins>
</Tunnels>