<?xml version="1.0" encoding="utf-8"?>
<Tunnels>
  <Input>../../../../Volumes/LaCie/project2/structure/edited/6DNC_edited.pdb</Input>
  <WorkingDirectory>../../../../Volumes/LaCie/project2/tunnel_geo/6DNC/</WorkingDirectory>
  <Params>
     <Cavity ProbeRadius="10" InteriorThreshold="1.25" />
    <Tunnel SurfaceCoverRadius="10" OriginRadius="5" BottleneckTolerance="3" WeightFunction="LengthAndRadius" UseCustomExitsOnly="1"/>
  </Params>
  <Export>
    <Formats Mesh="1" PyMol="1" CSV="1" />
    <Types Cavities="1" Tunnels="1" />
    <Mesh Density="1.33" Compress="1" />
    <PyMol PDBId="6DNC" SurfaceType="Spheres"  />
  </Export>
  <CustomExits>
    <Exit>
      <Point X="297.3559875488281" Y="206.06199645996094" Z="282.4859924316406" />
    </Exit>
  </CustomExits>
  <Origins Auto="0">
    <Origin>
      <Point X="257.74950408935547" Y="230.17050170898438" Z="223.7274932861328" />
    </Origin>
  </Origins>
</Tunnels>