<?xml version="1.0" encoding="utf-8"?>
<Tunnels>
  <Input>./6GBZ/6GBZ_edited.pdb</Input>
  <WorkingDirectory>./6GBZ/</WorkingDirectory>
  <Params>
    <Cavity ProbeRadius="10" InteriorThreshold="1.25" />
    <Tunnel SurfaceCoverRadius="10" OriginRadius="5" BottleneckTolerance="3" WeightFunction="LengthAndRadius"/>
  </Params>
  <Export>
    <Formats Mesh="1" PyMol="1" CSV="1" />
    <Types Cavities="1" Tunnels="1" />
    <Mesh Density="1.33" Compress="1" />
    <PyMol PDBId="6GBZ" SurfaceType="Spheres"  />
  </Export>
  <Origins Auto="0">
    <Origin>
      <Point X="183.664" Y="125.849" Z="210.047" />
    </Origin>
  </Origins>
</Tunnels>