<?xml version="1.0" encoding="utf-8"?>
<Tunnels>
  <Input>./6GC0/6GC0_edited.pdb</Input>
  <WorkingDirectory>./6GC0/</WorkingDirectory>
  <Params>
    <Cavity ProbeRadius="10" InteriorThreshold="1.25" />
    <Tunnel SurfaceCoverRadius="10" OriginRadius="5" BottleneckTolerance="3" WeightFunction="LengthAndRadius"/>
  </Params>
  <Export>
    <Formats Mesh="1" PyMol="1" CSV="1" />
    <Types Cavities="1" Tunnels="1" />
    <Mesh Density="1.33" Compress="1" />
    <PyMol PDBId="6GC0" SurfaceType="Spheres"  />
  </Export>
  <Origins Auto="0">
    <Origin>
      <Point X="222.85" Y="136.191" Z="207.122" />
    </Origin>
  </Origins>
</Tunnels>