<?xml version="1.0" encoding="utf-8"?>
<Tunnels>
  <Input>../../../../Volumes/LaCie/project2/structure/edited/6GWT_edited.pdb</Input>
  <WorkingDirectory>../../../../Volumes/LaCie/project2/tunnel_geo/6GWT/</WorkingDirectory>
  <Params>
     <Cavity ProbeRadius="10" InteriorThreshold="1.25" />
    <Tunnel SurfaceCoverRadius="10" OriginRadius="5" BottleneckTolerance="3" WeightFunction="LengthAndRadius" UseCustomExitsOnly="1"/>
  </Params>
  <Export>
    <Formats Mesh="1" PyMol="1" CSV="1" />
    <Types Cavities="1" Tunnels="1" />
    <Mesh Density="1.33" Compress="1" />
    <PyMol PDBId="6GWT" SurfaceType="Spheres"  />
  </Export>
  <CustomExits>
    <Exit>
      <Point X="190.75599670410156" Y="279.5530090332031" Z="160.0" />
    </Exit>
  </CustomExits>
  <Origins Auto="0">
    <Origin>
      <Point X="185.01099395751953" Y="216.80799865722656" Z="201.17449951171875" />
    </Origin>
  </Origins>
</Tunnels>