<?xml version="1.0" encoding="utf-8"?>
<Tunnels>
  <Input>../../../../Volumes/LaCie/project2/structure/edited/6GZQ_edited.pdb</Input>
  <WorkingDirectory>../../../../Volumes/LaCie/project2/tunnel_geo/6GZQ/</WorkingDirectory>
  <Params>
     <Cavity ProbeRadius="10" InteriorThreshold="1.25" />
    <Tunnel SurfaceCoverRadius="10" OriginRadius="5" BottleneckTolerance="3" WeightFunction="LengthAndRadius" UseCustomExitsOnly="1"/>
  </Params>
  <Export>
    <Formats Mesh="1" PyMol="1" CSV="1" />
    <Types Cavities="1" Tunnels="1" />
    <Mesh Density="1.33" Compress="1" />
    <PyMol PDBId="6GZQ" SurfaceType="Spheres"  />
  </Export>
  <CustomExits>
    <Exit>
      <Point X="382.72698974609375" Y="444.0459899902344" Z="246.35499572753906" />
    </Exit>
  </CustomExits>
  <Origins Auto="0">
    <Origin>
      <Point X="337.38999938964844" Y="396.7209930419922" Z="291.24549865722656" />
    </Origin>
  </Origins>
</Tunnels>