<?xml version="1.0" encoding="utf-8"?>
<Tunnels>
  <Input>../../../../Volumes/LaCie/project2/structure/edited/6HA8_edited.pdb</Input>
  <WorkingDirectory>../../../../Volumes/LaCie/project2/tunnel_geo/6HA8/</WorkingDirectory>
  <Params>
     <Cavity ProbeRadius="10" InteriorThreshold="1.25" />
    <Tunnel SurfaceCoverRadius="10" OriginRadius="5" BottleneckTolerance="3" WeightFunction="LengthAndRadius" UseCustomExitsOnly="1"/>
  </Params>
  <Export>
    <Formats Mesh="1" PyMol="1" CSV="1" />
    <Types Cavities="1" Tunnels="1" />
    <Mesh Density="1.33" Compress="1" />
    <PyMol PDBId="6HA8" SurfaceType="Spheres"  />
  </Export>
  <CustomExits>
    <Exit>
      <Point X="192.02000427246094" Y="278.9079895019531" Z="160.56500244140625" />
    </Exit>
  </CustomExits>
  <Origins Auto="0">
    <Origin>
      <Point X="184.91799926757812" Y="216.74349975585938" Z="202.8134994506836" />
    </Origin>
  </Origins>
</Tunnels>