<?xml version="1.0" encoding="utf-8"?>
<Tunnels>
  <Input>../../../../Volumes/LaCie/project2/structure/edited/6HMA_edited.pdb</Input>
  <WorkingDirectory>../../../../Volumes/LaCie/project2/tunnel_geo/6HMA/</WorkingDirectory>
  <Params>
     <Cavity ProbeRadius="10" InteriorThreshold="1.25" />
    <Tunnel SurfaceCoverRadius="10" OriginRadius="5" BottleneckTolerance="3" WeightFunction="LengthAndRadius" UseCustomExitsOnly="1"/>
  </Params>
  <Export>
    <Formats Mesh="1" PyMol="1" CSV="1" />
    <Types Cavities="1" Tunnels="1" />
    <Mesh Density="1.33" Compress="1" />
    <PyMol PDBId="6HMA" SurfaceType="Spheres"  />
  </Export>
  <CustomExits>
    <Exit>
      <Point X="83.97699737548828" Y="141.87399291992188" Z="97.60199737548828" />
    </Exit>
  </CustomExits>
  <Origins Auto="0">
    <Origin>
      <Point X="131.24949645996094" Y="138.90399932861328" Z="160.73049926757812" />
    </Origin>
  </Origins>
</Tunnels>