<?xml version="1.0" encoding="utf-8"?>
<Tunnels>
  <Input>../../../../Volumes/LaCie/project2/structure/edited/6I0Y_edited.pdb</Input>
  <WorkingDirectory>../../../../Volumes/LaCie/project2/tunnel_geo/6I0Y/</WorkingDirectory>
  <Params>
     <Cavity ProbeRadius="10" InteriorThreshold="1.25" />
    <Tunnel SurfaceCoverRadius="10" OriginRadius="5" BottleneckTolerance="3" WeightFunction="LengthAndRadius" UseCustomExitsOnly="1"/>
  </Params>
  <Export>
    <Formats Mesh="1" PyMol="1" CSV="1" />
    <Types Cavities="1" Tunnels="1" />
    <Mesh Density="1.33" Compress="1" />
    <PyMol PDBId="6I0Y" SurfaceType="Spheres"  />
  </Export>
  <CustomExits>
    <Exit>
      <Point X="197.63299560546875" Y="284.0" Z="164.1959991455078" />
    </Exit>
  </CustomExits>
  <Origins Auto="0">
    <Origin>
      <Point X="191.23299407958984" Y="223.30599975585938" Z="207.7259979248047" />
    </Origin>
  </Origins>
</Tunnels>