<?xml version="1.0" encoding="utf-8"?>
<Tunnels>
  <Input>../../../../Volumes/LaCie/project2/structure/edited/6N9E_edited.pdb</Input>
  <WorkingDirectory>../../../../Volumes/LaCie/project2/tunnel_geo/6N9E/</WorkingDirectory>
  <Params>
     <Cavity ProbeRadius="10" InteriorThreshold="1.25" />
    <Tunnel SurfaceCoverRadius="10" OriginRadius="5" BottleneckTolerance="3" WeightFunction="LengthAndRadius" UseCustomExitsOnly="1"/>
  </Params>
  <Export>
    <Formats Mesh="1" PyMol="1" CSV="1" />
    <Types Cavities="1" Tunnels="1" />
    <Mesh Density="1.33" Compress="1" />
    <PyMol PDBId="6N9E" SurfaceType="Spheres"  />
  </Export>
  <CustomExits>
    <Exit>
      <Point X="10.670999526977539" Y="-72.56600189208984" Z="-25.8700008392334" />
    </Exit>
  </CustomExits>
  <Origins Auto="0">
    <Origin>
      <Point X="80.85900115966797" Y="-52.48400115966797" Z="-2.442499876022339" />
    </Origin>
  </Origins>
</Tunnels>