<?xml version="1.0" encoding="utf-8"?>
<Tunnels>
  <Input>../../../../Volumes/LaCie/project2/structure/edited/6N9F_edited.pdb</Input>
  <WorkingDirectory>../../../../Volumes/LaCie/project2/tunnel_geo/6N9F/</WorkingDirectory>
  <Params>
     <Cavity ProbeRadius="10" InteriorThreshold="1.25" />
    <Tunnel SurfaceCoverRadius="10" OriginRadius="5" BottleneckTolerance="3" WeightFunction="LengthAndRadius" UseCustomExitsOnly="1"/>
  </Params>
  <Export>
    <Formats Mesh="1" PyMol="1" CSV="1" />
    <Types Cavities="1" Tunnels="1" />
    <Mesh Density="1.33" Compress="1" />
    <PyMol PDBId="6N9F" SurfaceType="Spheres"  />
  </Export>
  <CustomExits>
    <Exit>
      <Point X="10.748000144958496" Y="-72.51599884033203" Z="-25.913999557495117" />
    </Exit>
  </CustomExits>
  <Origins Auto="0">
    <Origin>
      <Point X="80.59550094604492" Y="-52.347999572753906" Z="-2.50249981880188" />
    </Origin>
  </Origins>
</Tunnels>