<?xml version="1.0" encoding="utf-8"?>
<Tunnels>
  <Input>../../../../Volumes/LaCie/project2/structure/edited/6NUO_edited.pdb</Input>
  <WorkingDirectory>../../../../Volumes/LaCie/project2/tunnel_geo/6NUO/</WorkingDirectory>
  <Params>
     <Cavity ProbeRadius="10" InteriorThreshold="1.25" />
    <Tunnel SurfaceCoverRadius="10" OriginRadius="5" BottleneckTolerance="3" WeightFunction="LengthAndRadius" UseCustomExitsOnly="1"/>
  </Params>
  <Export>
    <Formats Mesh="1" PyMol="1" CSV="1" />
    <Types Cavities="1" Tunnels="1" />
    <Mesh Density="1.33" Compress="1" />
    <PyMol PDBId="6NUO" SurfaceType="Spheres"  />
  </Export>
  <CustomExits>
    <Exit>
      <Point X="45.606998443603516" Y="142.13900756835938" Z="179.9969940185547" />
    </Exit>
  </CustomExits>
  <Origins Auto="0">
    <Origin>
      <Point X="-24.148000717163086" Y="116.57350158691406" Z="163.1364974975586" />
    </Origin>
  </Origins>
</Tunnels>