<?xml version="1.0" encoding="utf-8"?>
<Tunnels>
  <Input>../../../../Volumes/LaCie/project2/structure/edited/6O3M_edited.pdb</Input>
  <WorkingDirectory>../../../../Volumes/LaCie/project2/tunnel_geo/6O3M/</WorkingDirectory>
  <Params>
     <Cavity ProbeRadius="10" InteriorThreshold="1.25" />
    <Tunnel SurfaceCoverRadius="10" OriginRadius="5" BottleneckTolerance="3" WeightFunction="LengthAndRadius" UseCustomExitsOnly="1"/>
  </Params>
  <Export>
    <Formats Mesh="1" PyMol="1" CSV="1" />
    <Types Cavities="1" Tunnels="1" />
    <Mesh Density="1.33" Compress="1" />
    <PyMol PDBId="6O3M" SurfaceType="Spheres"  />
  </Export>
  <CustomExits>
    <Exit>
      <Point X="45.65599822998047" Y="141.4550018310547" Z="180.02000427246094" />
    </Exit>
  </CustomExits>
  <Origins Auto="0">
    <Origin>
      <Point X="-23.96649932861328" Y="115.92899703979492" Z="162.9459991455078" />
    </Origin>
  </Origins>
</Tunnels>