<?xml version="1.0" encoding="utf-8"?>
<Tunnels>
  <Input>../../../../Volumes/LaCie/project2/structure/edited/6OG7_edited.pdb</Input>
  <WorkingDirectory>../../../../Volumes/LaCie/project2/tunnel_geo/6OG7/</WorkingDirectory>
  <Params>
     <Cavity ProbeRadius="10" InteriorThreshold="1.25" />
    <Tunnel SurfaceCoverRadius="10" OriginRadius="5" BottleneckTolerance="3" WeightFunction="LengthAndRadius" UseCustomExitsOnly="1"/>
  </Params>
  <Export>
    <Formats Mesh="1" PyMol="1" CSV="1" />
    <Types Cavities="1" Tunnels="1" />
    <Mesh Density="1.33" Compress="1" />
    <PyMol PDBId="6OG7" SurfaceType="Spheres"  />
  </Export>
  <CustomExits>
    <Exit>
      <Point X="290.24700927734375" Y="169.5970001220703" Z="227.05099487304688" />
    </Exit>
  </CustomExits>
  <Origins Auto="0">
    <Origin>
      <Point X="218.97850036621094" Y="181.78900146484375" Z="206.31849670410156" />
    </Origin>
  </Origins>
</Tunnels>