<?xml version="1.0" encoding="utf-8"?>
<Tunnels>
  <Input>../../../../Volumes/LaCie/project2/structure/edited/6ORE_edited.pdb</Input>
  <WorkingDirectory>../../../../Volumes/LaCie/project2/tunnel_geo/6ORE/</WorkingDirectory>
  <Params>
     <Cavity ProbeRadius="10" InteriorThreshold="1.25" />
    <Tunnel SurfaceCoverRadius="10" OriginRadius="5" BottleneckTolerance="3" WeightFunction="LengthAndRadius" UseCustomExitsOnly="1"/>
  </Params>
  <Export>
    <Formats Mesh="1" PyMol="1" CSV="1" />
    <Types Cavities="1" Tunnels="1" />
    <Mesh Density="1.33" Compress="1" />
    <PyMol PDBId="6ORE" SurfaceType="Spheres"  />
  </Export>
  <CustomExits>
    <Exit>
      <Point X="322.53399658203125" Y="199.88299560546875" Z="181.4459991455078" />
    </Exit>
  </CustomExits>
  <Origins Auto="0">
    <Origin>
      <Point X="285.2620086669922" Y="210.51649475097656" Z="245.74949645996094" />
    </Origin>
  </Origins>
</Tunnels>