<?xml version="1.0" encoding="utf-8"?>
<Tunnels>
  <Input>../../../../Volumes/LaCie/project2/structure/edited/6OT3_edited.pdb</Input>
  <WorkingDirectory>../../../../Volumes/LaCie/project2/tunnel_geo/6OT3/</WorkingDirectory>
  <Params>
     <Cavity ProbeRadius="10" InteriorThreshold="1.25" />
    <Tunnel SurfaceCoverRadius="10" OriginRadius="5" BottleneckTolerance="3" WeightFunction="LengthAndRadius" UseCustomExitsOnly="1"/>
  </Params>
  <Export>
    <Formats Mesh="1" PyMol="1" CSV="1" />
    <Types Cavities="1" Tunnels="1" />
    <Mesh Density="1.33" Compress="1" />
    <PyMol PDBId="6OT3" SurfaceType="Spheres"  />
  </Export>
  <CustomExits>
    <Exit>
      <Point X="293.3590087890625" Y="216.22500610351562" Z="230.0050048828125" />
    </Exit>
  </CustomExits>
  <Origins Auto="0">
    <Origin>
      <Point X="226.25900268554688" Y="225.13400268554688" Z="196.25" />
    </Origin>
  </Origins>
</Tunnels>