<?xml version="1.0" encoding="utf-8"?>
<Tunnels>
  <Input>../../../../Volumes/LaCie/project2/structure/edited/6Q95_edited.pdb</Input>
  <WorkingDirectory>../../../../Volumes/LaCie/project2/tunnel_geo/6Q95/</WorkingDirectory>
  <Params>
     <Cavity ProbeRadius="10" InteriorThreshold="1.25" />
    <Tunnel SurfaceCoverRadius="10" OriginRadius="5" BottleneckTolerance="3" WeightFunction="LengthAndRadius" UseCustomExitsOnly="1"/>
  </Params>
  <Export>
    <Formats Mesh="1" PyMol="1" CSV="1" />
    <Types Cavities="1" Tunnels="1" />
    <Mesh Density="1.33" Compress="1" />
    <PyMol PDBId="6Q95" SurfaceType="Spheres"  />
  </Export>
  <CustomExits>
    <Exit>
      <Point X="206.01300048828125" Y="168.09500122070312" Z="269.2590026855469" />
    </Exit>
  </CustomExits>
  <Origins Auto="0">
    <Origin>
      <Point X="251.92149353027344" Y="223.79450225830078" Z="244.80249786376953" />
    </Origin>
  </Origins>
</Tunnels>