<?xml version="1.0" encoding="utf-8"?>
<Tunnels>
  <Input>../../../../Volumes/LaCie/project2/structure/edited/6S0Z_edited.pdb</Input>
  <WorkingDirectory>../../../../Volumes/LaCie/project2/tunnel_geo/6S0Z/</WorkingDirectory>
  <Params>
     <Cavity ProbeRadius="10" InteriorThreshold="1.25" />
    <Tunnel SurfaceCoverRadius="10" OriginRadius="5" BottleneckTolerance="3" WeightFunction="LengthAndRadius" UseCustomExitsOnly="1"/>
  </Params>
  <Export>
    <Formats Mesh="1" PyMol="1" CSV="1" />
    <Types Cavities="1" Tunnels="1" />
    <Mesh Density="1.33" Compress="1" />
    <PyMol PDBId="6S0Z" SurfaceType="Spheres"  />
  </Export>
  <CustomExits>
    <Exit>
      <Point X="132.3260040283203" Y="265.8080139160156" Z="215.69900512695312" />
    </Exit>
  </CustomExits>
  <Origins Auto="0">
    <Origin>
      <Point X="184.8249969482422" Y="210.36050415039062" Z="200.60700225830078" />
    </Origin>
  </Origins>
</Tunnels>