<?xml version="1.0" encoding="utf-8"?>
<Tunnels>
  <Input>../../../../Volumes/LaCie/project2/structure/edited/6S12_edited.pdb</Input>
  <WorkingDirectory>../../../../Volumes/LaCie/project2/tunnel_geo/6S12/</WorkingDirectory>
  <Params>
     <Cavity ProbeRadius="10" InteriorThreshold="1.25" />
    <Tunnel SurfaceCoverRadius="10" OriginRadius="5" BottleneckTolerance="3" WeightFunction="LengthAndRadius" UseCustomExitsOnly="1"/>
  </Params>
  <Export>
    <Formats Mesh="1" PyMol="1" CSV="1" />
    <Types Cavities="1" Tunnels="1" />
    <Mesh Density="1.33" Compress="1" />
    <PyMol PDBId="6S12" SurfaceType="Spheres"  />
  </Export>
  <CustomExits>
    <Exit>
      <Point X="130.9669952392578" Y="264.7359924316406" Z="211.63600158691406" />
    </Exit>
  </CustomExits>
  <Origins Auto="0">
    <Origin>
      <Point X="185.1645050048828" Y="209.45849609375" Z="199.48699951171875" />
    </Origin>
  </Origins>
</Tunnels>