<?xml version="1.0" encoding="utf-8"?>
<Tunnels>
  <Input>../../../../Volumes/LaCie/project2/structure/edited/6S13_edited.pdb</Input>
  <WorkingDirectory>../../../../Volumes/LaCie/project2/tunnel_geo/6S13/</WorkingDirectory>
  <Params>
     <Cavity ProbeRadius="10" InteriorThreshold="1.25" />
    <Tunnel SurfaceCoverRadius="10" OriginRadius="5" BottleneckTolerance="3" WeightFunction="LengthAndRadius" UseCustomExitsOnly="1"/>
  </Params>
  <Export>
    <Formats Mesh="1" PyMol="1" CSV="1" />
    <Types Cavities="1" Tunnels="1" />
    <Mesh Density="1.33" Compress="1" />
    <PyMol PDBId="6S13" SurfaceType="Spheres"  />
  </Export>
  <CustomExits>
    <Exit>
      <Point X="129.8780059814453" Y="263.0409851074219" Z="210.18099975585938" />
    </Exit>
  </CustomExits>
  <Origins Auto="0">
    <Origin>
      <Point X="184.25399780273438" Y="208.91549682617188" Z="198.3144989013672" />
    </Origin>
  </Origins>
</Tunnels>