<?xml version="1.0" encoding="utf-8"?>
<Tunnels>
  <Input>../../../../Volumes/LaCie/project2/structure/edited/6UCQ_edited.pdb</Input>
  <WorkingDirectory>../../../../Volumes/LaCie/project2/tunnel_geo/6UCQ/</WorkingDirectory>
  <Params>
     <Cavity ProbeRadius="10" InteriorThreshold="1.25" />
    <Tunnel SurfaceCoverRadius="10" OriginRadius="5" BottleneckTolerance="3" WeightFunction="LengthAndRadius" UseCustomExitsOnly="1"/>
  </Params>
  <Export>
    <Formats Mesh="1" PyMol="1" CSV="1" />
    <Types Cavities="1" Tunnels="1" />
    <Mesh Density="1.33" Compress="1" />
    <PyMol PDBId="6UCQ" SurfaceType="Spheres"  />
  </Export>
  <CustomExits>
    <Exit>
      <Point X="8.017999649047852" Y="-70.69000244140625" Z="-27.716999053955078" />
    </Exit>
  </CustomExits>
  <Origins Auto="0">
    <Origin>
      <Point X="77.39749908447266" Y="-51.9640007019043" Z="-2.5429999828338623" />
    </Origin>
  </Origins>
</Tunnels>