<?xml version="1.0" encoding="utf-8"?>
<Tunnels>
  <Input>../../../../Volumes/LaCie/project2/structure/edited/6V39_edited.pdb</Input>
  <WorkingDirectory>../../../../Volumes/LaCie/project2/tunnel_geo/6V39/</WorkingDirectory>
  <Params>
     <Cavity ProbeRadius="10" InteriorThreshold="1.25" />
    <Tunnel SurfaceCoverRadius="10" OriginRadius="5" BottleneckTolerance="3" WeightFunction="LengthAndRadius" UseCustomExitsOnly="1"/>
  </Params>
  <Export>
    <Formats Mesh="1" PyMol="1" CSV="1" />
    <Types Cavities="1" Tunnels="1" />
    <Mesh Density="1.33" Compress="1" />
    <PyMol PDBId="6V39" SurfaceType="Spheres"  />
  </Export>
  <CustomExits>
    <Exit>
      <Point X="242.60699462890625" Y="205.40499877929688" Z="212.24600219726562" />
    </Exit>
  </CustomExits>
  <Origins Auto="0">
    <Origin>
      <Point X="283.510986328125" Y="259.3820037841797" Z="249.7969970703125" />
    </Origin>
  </Origins>
</Tunnels>