<?xml version="1.0" encoding="utf-8"?>
<Tunnels>
  <Input>../../../../Volumes/LaCie/project2/structure/edited/6V3A_edited.pdb</Input>
  <WorkingDirectory>../../../../Volumes/LaCie/project2/tunnel_geo/6V3A/</WorkingDirectory>
  <Params>
     <Cavity ProbeRadius="10" InteriorThreshold="1.25" />
    <Tunnel SurfaceCoverRadius="10" OriginRadius="5" BottleneckTolerance="3" WeightFunction="LengthAndRadius" UseCustomExitsOnly="1"/>
  </Params>
  <Export>
    <Formats Mesh="1" PyMol="1" CSV="1" />
    <Types Cavities="1" Tunnels="1" />
    <Mesh Density="1.33" Compress="1" />
    <PyMol PDBId="6V3A" SurfaceType="Spheres"  />
  </Export>
  <CustomExits>
    <Exit>
      <Point X="307.94000244140625" Y="335.4129943847656" Z="210.11300659179688" />
    </Exit>
  </CustomExits>
  <Origins Auto="0">
    <Origin>
      <Point X="262.4735107421875" Y="286.49049377441406" Z="248.88800048828125" />
    </Origin>
  </Origins>
</Tunnels>