<?xml version="1.0" encoding="utf-8"?>
<Tunnels>
  <Input>../../../../Volumes/LaCie/project2/structure/edited/6V3B_edited.pdb</Input>
  <WorkingDirectory>../../../../Volumes/LaCie/project2/tunnel_geo/6V3B/</WorkingDirectory>
  <Params>
     <Cavity ProbeRadius="10" InteriorThreshold="1.25" />
    <Tunnel SurfaceCoverRadius="10" OriginRadius="5" BottleneckTolerance="3" WeightFunction="LengthAndRadius" UseCustomExitsOnly="1"/>
  </Params>
  <Export>
    <Formats Mesh="1" PyMol="1" CSV="1" />
    <Types Cavities="1" Tunnels="1" />
    <Mesh Density="1.33" Compress="1" />
    <PyMol PDBId="6V3B" SurfaceType="Spheres"  />
  </Export>
  <CustomExits>
    <Exit>
      <Point X="241.40899658203125" Y="203.34300231933594" Z="215.1269989013672" />
    </Exit>
  </CustomExits>
  <Origins Auto="0">
    <Origin>
      <Point X="283.1165008544922" Y="258.5510025024414" Z="250.09100341796875" />
    </Origin>
  </Origins>
</Tunnels>