<?xml version="1.0" encoding="utf-8"?>
<Tunnels>
  <Input>../../../../Volumes/LaCie/project2/structure/edited/6VWL_edited.pdb</Input>
  <WorkingDirectory>../../../../Volumes/LaCie/project2/tunnel_geo/6VWL/</WorkingDirectory>
  <Params>
     <Cavity ProbeRadius="10" InteriorThreshold="1.25" />
    <Tunnel SurfaceCoverRadius="10" OriginRadius="5" BottleneckTolerance="3" WeightFunction="LengthAndRadius" UseCustomExitsOnly="1"/>
  </Params>
  <Export>
    <Formats Mesh="1" PyMol="1" CSV="1" />
    <Types Cavities="1" Tunnels="1" />
    <Mesh Density="1.33" Compress="1" />
    <PyMol PDBId="6VWL" SurfaceType="Spheres"  />
  </Export>
  <CustomExits>
    <Exit>
      <Point X="332.96600341796875" Y="234.88299560546875" Z="351.0840148925781" />
    </Exit>
  </CustomExits>
  <Origins Auto="0">
    <Origin>
      <Point X="325.2429962158203" Y="299.4624938964844" Z="312.97300720214844" />
    </Origin>
  </Origins>
</Tunnels>