<?xml version="1.0" encoding="utf-8"?>
<Tunnels>
  <Input>../../../../Volumes/LaCie/project2/structure/edited/6VWM_edited.pdb</Input>
  <WorkingDirectory>../../../../Volumes/LaCie/project2/tunnel_geo/6VWM/</WorkingDirectory>
  <Params>
     <Cavity ProbeRadius="10" InteriorThreshold="1.25" />
    <Tunnel SurfaceCoverRadius="10" OriginRadius="5" BottleneckTolerance="3" WeightFunction="LengthAndRadius" UseCustomExitsOnly="1"/>
  </Params>
  <Export>
    <Formats Mesh="1" PyMol="1" CSV="1" />
    <Types Cavities="1" Tunnels="1" />
    <Mesh Density="1.33" Compress="1" />
    <PyMol PDBId="6VWM" SurfaceType="Spheres"  />
  </Export>
  <CustomExits>
    <Exit>
      <Point X="333.7820129394531" Y="234.72999572753906" Z="350.62799072265625" />
    </Exit>
  </CustomExits>
  <Origins Auto="0">
    <Origin>
      <Point X="325.0279998779297" Y="299.7019958496094" Z="312.5744934082031" />
    </Origin>
  </Origins>
</Tunnels>