<?xml version="1.0" encoding="utf-8"?>
<Tunnels>
  <Input>../../../../Volumes/LaCie/project2/structure/edited/6VYQ_edited.pdb</Input>
  <WorkingDirectory>../../../../Volumes/LaCie/project2/tunnel_geo/6VYQ/</WorkingDirectory>
  <Params>
     <Cavity ProbeRadius="10" InteriorThreshold="1.25" />
    <Tunnel SurfaceCoverRadius="10" OriginRadius="5" BottleneckTolerance="3" WeightFunction="LengthAndRadius" UseCustomExitsOnly="1"/>
  </Params>
  <Export>
    <Formats Mesh="1" PyMol="1" CSV="1" />
    <Types Cavities="1" Tunnels="1" />
    <Mesh Density="1.33" Compress="1" />
    <PyMol PDBId="6VYQ" SurfaceType="Spheres"  />
  </Export>
  <CustomExits>
    <Exit>
      <Point X="178.84100341796875" Y="203.60299682617188" Z="268.7650146484375" />
    </Exit>
  </CustomExits>
  <Origins Auto="0">
    <Origin>
      <Point X="239.9679946899414" Y="236.51549530029297" Z="240.41300201416016" />
    </Origin>
  </Origins>
</Tunnels>