<?xml version="1.0" encoding="utf-8"?>
<Tunnels>
  <Input>../../../../Volumes/LaCie/project2/structure/edited/6VYR_edited.pdb</Input>
  <WorkingDirectory>../../../../Volumes/LaCie/project2/tunnel_geo/6VYR/</WorkingDirectory>
  <Params>
     <Cavity ProbeRadius="10" InteriorThreshold="1.25" />
    <Tunnel SurfaceCoverRadius="10" OriginRadius="5" BottleneckTolerance="3" WeightFunction="LengthAndRadius" UseCustomExitsOnly="1"/>
  </Params>
  <Export>
    <Formats Mesh="1" PyMol="1" CSV="1" />
    <Types Cavities="1" Tunnels="1" />
    <Mesh Density="1.33" Compress="1" />
    <PyMol PDBId="6VYR" SurfaceType="Spheres"  />
  </Export>
  <CustomExits>
    <Exit>
      <Point X="185.927001953125" Y="200.1529998779297" Z="269.6260070800781" />
    </Exit>
  </CustomExits>
  <Origins Auto="0">
    <Origin>
      <Point X="242.92650604248047" Y="240.90149688720703" Z="242.9029998779297" />
    </Origin>
  </Origins>
</Tunnels>