<?xml version="1.0" encoding="utf-8"?>
<Tunnels>
  <Input>../../../../Volumes/LaCie/project2/structure/edited/6VYS_edited.pdb</Input>
  <WorkingDirectory>../../../../Volumes/LaCie/project2/tunnel_geo/6VYS/</WorkingDirectory>
  <Params>
     <Cavity ProbeRadius="10" InteriorThreshold="1.25" />
    <Tunnel SurfaceCoverRadius="10" OriginRadius="5" BottleneckTolerance="3" WeightFunction="LengthAndRadius" UseCustomExitsOnly="1"/>
  </Params>
  <Export>
    <Formats Mesh="1" PyMol="1" CSV="1" />
    <Types Cavities="1" Tunnels="1" />
    <Mesh Density="1.33" Compress="1" />
    <PyMol PDBId="6VYS" SurfaceType="Spheres"  />
  </Export>
  <CustomExits>
    <Exit>
      <Point X="181.08399963378906" Y="205.20899963378906" Z="270.6210021972656" />
    </Exit>
  </CustomExits>
  <Origins Auto="0">
    <Origin>
      <Point X="242.76100158691406" Y="237.86800384521484" Z="243.18299865722656" />
    </Origin>
  </Origins>
</Tunnels>