<?xml version="1.0" encoding="utf-8"?>
<Tunnels>
  <Input>../../../../Volumes/LaCie/project2/structure/edited/6WD0_edited.pdb</Input>
  <WorkingDirectory>../../../../Volumes/LaCie/project2/tunnel_geo/6WD0/</WorkingDirectory>
  <Params>
     <Cavity ProbeRadius="10" InteriorThreshold="1.25" />
    <Tunnel SurfaceCoverRadius="10" OriginRadius="5" BottleneckTolerance="3" WeightFunction="LengthAndRadius" UseCustomExitsOnly="1"/>
  </Params>
  <Export>
    <Formats Mesh="1" PyMol="1" CSV="1" />
    <Types Cavities="1" Tunnels="1" />
    <Mesh Density="1.33" Compress="1" />
    <PyMol PDBId="6WD0" SurfaceType="Spheres"  />
  </Export>
  <CustomExits>
    <Exit>
      <Point X="276.9020080566406" Y="199.57899475097656" Z="214.56700134277344" />
    </Exit>
  </CustomExits>
  <Origins Auto="0">
    <Origin>
      <Point X="212.17599487304688" Y="189.26399993896484" Z="178.05050659179688" />
    </Origin>
  </Origins>
</Tunnels>