<?xml version="1.0" encoding="utf-8"?>
<Tunnels>
  <Input>../../../../Volumes/LaCie/project2/structure/edited/6WD2_edited.pdb</Input>
  <WorkingDirectory>../../../../Volumes/LaCie/project2/tunnel_geo/6WD2/</WorkingDirectory>
  <Params>
     <Cavity ProbeRadius="10" InteriorThreshold="1.25" />
    <Tunnel SurfaceCoverRadius="10" OriginRadius="5" BottleneckTolerance="3" WeightFunction="LengthAndRadius" UseCustomExitsOnly="1"/>
  </Params>
  <Export>
    <Formats Mesh="1" PyMol="1" CSV="1" />
    <Types Cavities="1" Tunnels="1" />
    <Mesh Density="1.33" Compress="1" />
    <PyMol PDBId="6WD2" SurfaceType="Spheres"  />
  </Export>
  <CustomExits>
    <Exit>
      <Point X="278.9849853515625" Y="198.07200622558594" Z="214.29600524902344" />
    </Exit>
  </CustomExits>
  <Origins Auto="0">
    <Origin>
      <Point X="213.74600219726562" Y="187.8635025024414" Z="178.12249755859375" />
    </Origin>
  </Origins>
</Tunnels>