<?xml version="1.0" encoding="utf-8"?>
<Tunnels>
  <Input>../../../../Volumes/LaCie/project2/structure/edited/6WD3_edited.pdb</Input>
  <WorkingDirectory>../../../../Volumes/LaCie/project2/tunnel_geo/6WD3/</WorkingDirectory>
  <Params>
     <Cavity ProbeRadius="10" InteriorThreshold="1.25" />
    <Tunnel SurfaceCoverRadius="10" OriginRadius="5" BottleneckTolerance="3" WeightFunction="LengthAndRadius" UseCustomExitsOnly="1"/>
  </Params>
  <Export>
    <Formats Mesh="1" PyMol="1" CSV="1" />
    <Types Cavities="1" Tunnels="1" />
    <Mesh Density="1.33" Compress="1" />
    <PyMol PDBId="6WD3" SurfaceType="Spheres"  />
  </Export>
  <CustomExits>
    <Exit>
      <Point X="278.781005859375" Y="198.45399475097656" Z="214.17799377441406" />
    </Exit>
  </CustomExits>
  <Origins Auto="0">
    <Origin>
      <Point X="213.75749969482422" Y="188.06800079345703" Z="177.88700103759766" />
    </Origin>
  </Origins>
</Tunnels>