<?xml version="1.0" encoding="utf-8"?>
<Tunnels>
  <Input>../../../../Volumes/LaCie/project2/structure/edited/6WD4_edited.pdb</Input>
  <WorkingDirectory>../../../../Volumes/LaCie/project2/tunnel_geo/6WD4/</WorkingDirectory>
  <Params>
     <Cavity ProbeRadius="10" InteriorThreshold="1.25" />
    <Tunnel SurfaceCoverRadius="10" OriginRadius="5" BottleneckTolerance="3" WeightFunction="LengthAndRadius" UseCustomExitsOnly="1"/>
  </Params>
  <Export>
    <Formats Mesh="1" PyMol="1" CSV="1" />
    <Types Cavities="1" Tunnels="1" />
    <Mesh Density="1.33" Compress="1" />
    <PyMol PDBId="6WD4" SurfaceType="Spheres"  />
  </Export>
  <CustomExits>
    <Exit>
      <Point X="278.7030029296875" Y="198.13600158691406" Z="214.2989959716797" />
    </Exit>
  </CustomExits>
  <Origins Auto="0">
    <Origin>
      <Point X="213.7469940185547" Y="187.90499877929688" Z="177.95999908447266" />
    </Origin>
  </Origins>
</Tunnels>