<?xml version="1.0" encoding="utf-8"?>
<Tunnels>
  <Input>../../../../Volumes/LaCie/project2/structure/edited/6WD9_edited.pdb</Input>
  <WorkingDirectory>../../../../Volumes/LaCie/project2/tunnel_geo/6WD9/</WorkingDirectory>
  <Params>
     <Cavity ProbeRadius="10" InteriorThreshold="1.25" />
    <Tunnel SurfaceCoverRadius="10" OriginRadius="5" BottleneckTolerance="3" WeightFunction="LengthAndRadius" UseCustomExitsOnly="1"/>
  </Params>
  <Export>
    <Formats Mesh="1" PyMol="1" CSV="1" />
    <Types Cavities="1" Tunnels="1" />
    <Mesh Density="1.33" Compress="1" />
    <PyMol PDBId="6WD9" SurfaceType="Spheres"  />
  </Export>
  <CustomExits>
    <Exit>
      <Point X="278.7929992675781" Y="197.4929962158203" Z="215.00100708007812" />
    </Exit>
  </CustomExits>
  <Origins Auto="0">
    <Origin>
      <Point X="213.70999908447266" Y="188.2989959716797" Z="177.7375030517578" />
    </Origin>
  </Origins>
</Tunnels>