<?xml version="1.0" encoding="utf-8"?>
<Tunnels>
  <Input>../../../../Volumes/LaCie/project2/structure/edited/6WDA_edited.pdb</Input>
  <WorkingDirectory>../../../../Volumes/LaCie/project2/tunnel_geo/6WDA/</WorkingDirectory>
  <Params>
     <Cavity ProbeRadius="10" InteriorThreshold="1.25" />
    <Tunnel SurfaceCoverRadius="10" OriginRadius="5" BottleneckTolerance="3" WeightFunction="LengthAndRadius" UseCustomExitsOnly="1"/>
  </Params>
  <Export>
    <Formats Mesh="1" PyMol="1" CSV="1" />
    <Types Cavities="1" Tunnels="1" />
    <Mesh Density="1.33" Compress="1" />
    <PyMol PDBId="6WDA" SurfaceType="Spheres"  />
  </Export>
  <CustomExits>
    <Exit>
      <Point X="278.7749938964844" Y="197.88800048828125" Z="214.74899291992188" />
    </Exit>
  </CustomExits>
  <Origins Auto="0">
    <Origin>
      <Point X="214.04349517822266" Y="188.1479949951172" Z="177.9695053100586" />
    </Origin>
  </Origins>
</Tunnels>