<?xml version="1.0" encoding="utf-8"?>
<Tunnels>
  <Input>../../../../Volumes/LaCie/project2/structure/edited/6WDD_edited.pdb</Input>
  <WorkingDirectory>../../../../Volumes/LaCie/project2/tunnel_geo/6WDD/</WorkingDirectory>
  <Params>
     <Cavity ProbeRadius="10" InteriorThreshold="1.25" />
    <Tunnel SurfaceCoverRadius="10" OriginRadius="5" BottleneckTolerance="3" WeightFunction="LengthAndRadius" UseCustomExitsOnly="1"/>
  </Params>
  <Export>
    <Formats Mesh="1" PyMol="1" CSV="1" />
    <Types Cavities="1" Tunnels="1" />
    <Mesh Density="1.33" Compress="1" />
    <PyMol PDBId="6WDD" SurfaceType="Spheres"  />
  </Export>
  <CustomExits>
    <Exit>
      <Point X="279.8909912109375" Y="197.6060028076172" Z="214.66299438476562" />
    </Exit>
  </CustomExits>
  <Origins Auto="0">
    <Origin>
      <Point X="215.0009994506836" Y="188.31099700927734" Z="178.21299743652344" />
    </Origin>
  </Origins>
</Tunnels>