<?xml version="1.0" encoding="utf-8"?>
<Tunnels>
  <Input>../../../../Volumes/LaCie/project2/structure/edited/6WDL_edited.pdb</Input>
  <WorkingDirectory>../../../../Volumes/LaCie/project2/tunnel_geo/6WDL/</WorkingDirectory>
  <Params>
     <Cavity ProbeRadius="10" InteriorThreshold="1.25" />
    <Tunnel SurfaceCoverRadius="10" OriginRadius="5" BottleneckTolerance="3" WeightFunction="LengthAndRadius" UseCustomExitsOnly="1"/>
  </Params>
  <Export>
    <Formats Mesh="1" PyMol="1" CSV="1" />
    <Types Cavities="1" Tunnels="1" />
    <Mesh Density="1.33" Compress="1" />
    <PyMol PDBId="6WDL" SurfaceType="Spheres"  />
  </Export>
  <CustomExits>
    <Exit>
      <Point X="279.6679992675781" Y="198.5399932861328" Z="214.2790069580078" />
    </Exit>
  </CustomExits>
  <Origins Auto="0">
    <Origin>
      <Point X="214.73999786376953" Y="187.7969970703125" Z="177.74549865722656" />
    </Origin>
  </Origins>
</Tunnels>