<?xml version="1.0" encoding="utf-8"?>
<Tunnels>
  <Input>../../../../Volumes/LaCie/project2/structure/edited/6WDM_edited.pdb</Input>
  <WorkingDirectory>../../../../Volumes/LaCie/project2/tunnel_geo/6WDM/</WorkingDirectory>
  <Params>
     <Cavity ProbeRadius="10" InteriorThreshold="1.25" />
    <Tunnel SurfaceCoverRadius="10" OriginRadius="5" BottleneckTolerance="3" WeightFunction="LengthAndRadius" UseCustomExitsOnly="1"/>
  </Params>
  <Export>
    <Formats Mesh="1" PyMol="1" CSV="1" />
    <Types Cavities="1" Tunnels="1" />
    <Mesh Density="1.33" Compress="1" />
    <PyMol PDBId="6WDM" SurfaceType="Spheres"  />
  </Export>
  <CustomExits>
    <Exit>
      <Point X="279.79998779296875" Y="198.20599365234375" Z="214.54299926757812" />
    </Exit>
  </CustomExits>
  <Origins Auto="0">
    <Origin>
      <Point X="214.90750122070312" Y="187.760498046875" Z="177.9134979248047" />
    </Origin>
  </Origins>
</Tunnels>