<?xml version="1.0" encoding="utf-8"?>
<Tunnels>
  <Input>../../../../Volumes/LaCie/project2/structure/edited/6XHW_edited.pdb</Input>
  <WorkingDirectory>../../../../Volumes/LaCie/project2/tunnel_geo/6XHW/</WorkingDirectory>
  <Params>
     <Cavity ProbeRadius="10" InteriorThreshold="1.25" />
    <Tunnel SurfaceCoverRadius="10" OriginRadius="5" BottleneckTolerance="3" WeightFunction="LengthAndRadius" UseCustomExitsOnly="1"/>
  </Params>
  <Export>
    <Formats Mesh="1" PyMol="1" CSV="1" />
    <Types Cavities="1" Tunnels="1" />
    <Mesh Density="1.33" Compress="1" />
    <PyMol PDBId="6XHW" SurfaceType="Spheres"  />
  </Export>
  <CustomExits>
    <Exit>
      <Point X="7.054999828338623" Y="-70.85900115966797" Z="-27.726999282836914" />
    </Exit>
  </CustomExits>
  <Origins Auto="0">
    <Origin>
      <Point X="76.68550109863281" Y="-51.82849884033203" Z="-2.315000057220459" />
    </Origin>
  </Origins>
</Tunnels>