<?xml version="1.0" encoding="utf-8"?>
<Tunnels>
  <Input>../../../../Volumes/LaCie/project2/structure/edited/6XZB_edited.pdb</Input>
  <WorkingDirectory>../../../../Volumes/LaCie/project2/tunnel_geo/6XZB/</WorkingDirectory>
  <Params>
     <Cavity ProbeRadius="10" InteriorThreshold="1.25" />
    <Tunnel SurfaceCoverRadius="10" OriginRadius="5" BottleneckTolerance="3" WeightFunction="LengthAndRadius" UseCustomExitsOnly="1"/>
  </Params>
  <Export>
    <Formats Mesh="1" PyMol="1" CSV="1" />
    <Types Cavities="1" Tunnels="1" />
    <Mesh Density="1.33" Compress="1" />
    <PyMol PDBId="6XZB" SurfaceType="Spheres"  />
  </Export>
  <CustomExits>
    <Exit>
      <Point X="192.95199584960938" Y="278.4169921875" Z="284.5480041503906" />
    </Exit>
  </CustomExits>
  <Origins Auto="0">
    <Origin>
      <Point X="232.18600463867188" Y="230.1685028076172" Z="241.94400024414062" />
    </Origin>
  </Origins>
</Tunnels>