<?xml version="1.0" encoding="utf-8"?>
<Tunnels>
  <Input>../../../../Volumes/LaCie/project2/structure/edited/7AZO_edited.pdb</Input>
  <WorkingDirectory>../../../../Volumes/LaCie/project2/tunnel_geo/7AZO/</WorkingDirectory>
  <Params>
     <Cavity ProbeRadius="10" InteriorThreshold="1.25" />
    <Tunnel SurfaceCoverRadius="10" OriginRadius="5" BottleneckTolerance="3" WeightFunction="LengthAndRadius" UseCustomExitsOnly="1"/>
  </Params>
  <Export>
    <Formats Mesh="1" PyMol="1" CSV="1" />
    <Types Cavities="1" Tunnels="1" />
    <Mesh Density="1.33" Compress="1" />
    <PyMol PDBId="7AZO" SurfaceType="Spheres"  />
  </Export>
  <CustomExits>
    <Exit>
      <Point X="98.56800079345703" Y="294.4429931640625" Z="-26.768999099731445" />
    </Exit>
  </CustomExits>
  <Origins Auto="0">
    <Origin>
      <Point X="29.159500122070312" Y="275.1490020751953" Z="-1.810500144958496" />
    </Origin>
  </Origins>
</Tunnels>