<?xml version="1.0" encoding="utf-8"?>
<Tunnels>
  <Input>../../../../Volumes/LaCie/project2/structure/edited/7AZS_edited.pdb</Input>
  <WorkingDirectory>../../../../Volumes/LaCie/project2/tunnel_geo/7AZS/</WorkingDirectory>
  <Params>
     <Cavity ProbeRadius="10" InteriorThreshold="1.25" />
    <Tunnel SurfaceCoverRadius="10" OriginRadius="5" BottleneckTolerance="3" WeightFunction="LengthAndRadius" UseCustomExitsOnly="1"/>
  </Params>
  <Export>
    <Formats Mesh="1" PyMol="1" CSV="1" />
    <Types Cavities="1" Tunnels="1" />
    <Mesh Density="1.33" Compress="1" />
    <PyMol PDBId="7AZS" SurfaceType="Spheres"  />
  </Export>
  <CustomExits>
    <Exit>
      <Point X="99.125" Y="296.50799560546875" Z="-27.332000732421875" />
    </Exit>
  </CustomExits>
  <Origins Auto="0">
    <Origin>
      <Point X="29.553500175476074" Y="277.20350646972656" Z="-2.236999988555908" />
    </Origin>
  </Origins>
</Tunnels>