<?xml version="1.0" encoding="utf-8"?>
<Tunnels>
  <Input>../../../../Volumes/LaCie/project2/structure/edited/7BL2_edited.pdb</Input>
  <WorkingDirectory>../../../../Volumes/LaCie/project2/tunnel_geo/7BL2/</WorkingDirectory>
  <Params>
     <Cavity ProbeRadius="10" InteriorThreshold="1.25" />
    <Tunnel SurfaceCoverRadius="10" OriginRadius="5" BottleneckTolerance="3" WeightFunction="LengthAndRadius" UseCustomExitsOnly="1"/>
  </Params>
  <Export>
    <Formats Mesh="1" PyMol="1" CSV="1" />
    <Types Cavities="1" Tunnels="1" />
    <Mesh Density="1.33" Compress="1" />
    <PyMol PDBId="7BL2" SurfaceType="Spheres"  />
  </Export>
  <CustomExits>
    <Exit>
      <Point X="196.83799743652344" Y="234.6929931640625" Z="165.76400756835938" />
    </Exit>
  </CustomExits>
  <Origins Auto="0">
    <Origin>
      <Point X="183.62950134277344" Y="160.5634994506836" Z="171.94049835205078" />
    </Origin>
  </Origins>
</Tunnels>