<?xml version="1.0" encoding="utf-8"?>
<Tunnels>
  <Input>../../../../Volumes/LaCie/project2/structure/edited/7BL4_edited.pdb</Input>
  <WorkingDirectory>../../../../Volumes/LaCie/project2/tunnel_geo/7BL4/</WorkingDirectory>
  <Params>
     <Cavity ProbeRadius="10" InteriorThreshold="1.25" />
    <Tunnel SurfaceCoverRadius="10" OriginRadius="5" BottleneckTolerance="3" WeightFunction="LengthAndRadius" UseCustomExitsOnly="1"/>
  </Params>
  <Export>
    <Formats Mesh="1" PyMol="1" CSV="1" />
    <Types Cavities="1" Tunnels="1" />
    <Mesh Density="1.33" Compress="1" />
    <PyMol PDBId="7BL4" SurfaceType="Spheres"  />
  </Export>
  <CustomExits>
    <Exit>
      <Point X="160.00399780273438" Y="190.1439971923828" Z="111.62999725341797" />
    </Exit>
  </CustomExits>
  <Origins Auto="0">
    <Origin>
      <Point X="192.84500122070312" Y="196.44550323486328" Z="179.43399810791016" />
    </Origin>
  </Origins>
</Tunnels>