<?xml version="1.0" encoding="utf-8"?>
<Tunnels>
  <Input>../../../../Volumes/LaCie/project2/structure/edited/7JSS_edited.pdb</Input>
  <WorkingDirectory>../../../../Volumes/LaCie/project2/tunnel_geo/7JSS/</WorkingDirectory>
  <Params>
     <Cavity ProbeRadius="10" InteriorThreshold="1.25" />
    <Tunnel SurfaceCoverRadius="10" OriginRadius="5" BottleneckTolerance="3" WeightFunction="LengthAndRadius" UseCustomExitsOnly="1"/>
  </Params>
  <Export>
    <Formats Mesh="1" PyMol="1" CSV="1" />
    <Types Cavities="1" Tunnels="1" />
    <Mesh Density="1.33" Compress="1" />
    <PyMol PDBId="7JSS" SurfaceType="Spheres"  />
  </Export>
  <CustomExits>
    <Exit>
      <Point X="143.5540008544922" Y="145.78799438476562" Z="252.27699279785156" />
    </Exit>
  </CustomExits>
  <Origins Auto="0">
    <Origin>
      <Point X="185.45050048828125" Y="170.7770004272461" Z="194.1685028076172" />
    </Origin>
  </Origins>
</Tunnels>