<?xml version="1.0" encoding="utf-8"?>
<Tunnels>
  <Input>../../../../Volumes/LaCie/project2/structure/edited/7JT2_edited.pdb</Input>
  <WorkingDirectory>../../../../Volumes/LaCie/project2/tunnel_geo/7JT2/</WorkingDirectory>
  <Params>
     <Cavity ProbeRadius="10" InteriorThreshold="1.25" />
    <Tunnel SurfaceCoverRadius="10" OriginRadius="5" BottleneckTolerance="3" WeightFunction="LengthAndRadius" UseCustomExitsOnly="1"/>
  </Params>
  <Export>
    <Formats Mesh="1" PyMol="1" CSV="1" />
    <Types Cavities="1" Tunnels="1" />
    <Mesh Density="1.33" Compress="1" />
    <PyMol PDBId="7JT2" SurfaceType="Spheres"  />
  </Export>
  <CustomExits>
    <Exit>
      <Point X="121.63099670410156" Y="159.4199981689453" Z="243.68800354003906" />
    </Exit>
  </CustomExits>
  <Origins Auto="0">
    <Origin>
      <Point X="170.54500579833984" Y="166.8574981689453" Z="187.3144989013672" />
    </Origin>
  </Origins>
</Tunnels>