<?xml version="1.0" encoding="utf-8"?>
<Tunnels>
  <Input>../../../../Volumes/LaCie/project2/structure/edited/7K51_edited.pdb</Input>
  <WorkingDirectory>../../../../Volumes/LaCie/project2/tunnel_geo/7K51/</WorkingDirectory>
  <Params>
     <Cavity ProbeRadius="10" InteriorThreshold="1.25" />
    <Tunnel SurfaceCoverRadius="10" OriginRadius="5" BottleneckTolerance="3" WeightFunction="LengthAndRadius" UseCustomExitsOnly="1"/>
  </Params>
  <Export>
    <Formats Mesh="1" PyMol="1" CSV="1" />
    <Types Cavities="1" Tunnels="1" />
    <Mesh Density="1.33" Compress="1" />
    <PyMol PDBId="7K51" SurfaceType="Spheres"  />
  </Export>
  <CustomExits>
    <Exit>
      <Point X="275.7770080566406" Y="192.73800659179688" Z="275.0400085449219" />
    </Exit>
  </CustomExits>
  <Origins Auto="0">
    <Origin>
      <Point X="236.4250030517578" Y="218.80249786376953" Z="216.03050231933594" />
    </Origin>
  </Origins>
</Tunnels>