<?xml version="1.0" encoding="utf-8"?>
<Tunnels>
  <Input>../../../../Volumes/LaCie/project2/structure/edited/7K54_edited.pdb</Input>
  <WorkingDirectory>../../../../Volumes/LaCie/project2/tunnel_geo/7K54/</WorkingDirectory>
  <Params>
     <Cavity ProbeRadius="10" InteriorThreshold="1.25" />
    <Tunnel SurfaceCoverRadius="10" OriginRadius="5" BottleneckTolerance="3" WeightFunction="LengthAndRadius" UseCustomExitsOnly="1"/>
  </Params>
  <Export>
    <Formats Mesh="1" PyMol="1" CSV="1" />
    <Types Cavities="1" Tunnels="1" />
    <Mesh Density="1.33" Compress="1" />
    <PyMol PDBId="7K54" SurfaceType="Spheres"  />
  </Export>
  <CustomExits>
    <Exit>
      <Point X="274.031005859375" Y="193.40899658203125" Z="274.9419860839844" />
    </Exit>
  </CustomExits>
  <Origins Auto="0">
    <Origin>
      <Point X="234.82250213623047" Y="218.94850158691406" Z="215.8094940185547" />
    </Origin>
  </Origins>
</Tunnels>