<?xml version="1.0" encoding="utf-8"?>
<Tunnels>
  <Input>../../../../Volumes/LaCie/project2/structure/edited/7K55_edited.pdb</Input>
  <WorkingDirectory>../../../../Volumes/LaCie/project2/tunnel_geo/7K55/</WorkingDirectory>
  <Params>
     <Cavity ProbeRadius="10" InteriorThreshold="1.25" />
    <Tunnel SurfaceCoverRadius="10" OriginRadius="5" BottleneckTolerance="3" WeightFunction="LengthAndRadius" UseCustomExitsOnly="1"/>
  </Params>
  <Export>
    <Formats Mesh="1" PyMol="1" CSV="1" />
    <Types Cavities="1" Tunnels="1" />
    <Mesh Density="1.33" Compress="1" />
    <PyMol PDBId="7K55" SurfaceType="Spheres"  />
  </Export>
  <CustomExits>
    <Exit>
      <Point X="273.9580078125" Y="194.05999755859375" Z="275.1549987792969" />
    </Exit>
  </CustomExits>
  <Origins Auto="0">
    <Origin>
      <Point X="234.64099884033203" Y="219.04650115966797" Z="215.80249786376953" />
    </Origin>
  </Origins>
</Tunnels>