<?xml version="1.0" encoding="utf-8"?>
<Tunnels>
  <Input>../../../../Volumes/LaCie/project2/structure/edited/7M4V_edited.pdb</Input>
  <WorkingDirectory>../../../../Volumes/LaCie/project2/tunnel_geo/7M4V/</WorkingDirectory>
  <Params>
     <Cavity ProbeRadius="10" InteriorThreshold="1.25" />
    <Tunnel SurfaceCoverRadius="10" OriginRadius="5" BottleneckTolerance="3" WeightFunction="LengthAndRadius" UseCustomExitsOnly="1"/>
  </Params>
  <Export>
    <Formats Mesh="1" PyMol="1" CSV="1" />
    <Types Cavities="1" Tunnels="1" />
    <Mesh Density="1.33" Compress="1" />
    <PyMol PDBId="7M4V" SurfaceType="Spheres"  />
  </Export>
  <CustomExits>
    <Exit>
      <Point X="188.43499755859375" Y="212.38999938964844" Z="288.3320007324219" />
    </Exit>
  </CustomExits>
  <Origins Auto="0">
    <Origin>
      <Point X="221.62650299072266" Y="201.93999481201172" Z="219.55750274658203" />
    </Origin>
  </Origins>
</Tunnels>