<?xml version="1.0" encoding="utf-8"?>
<Tunnels>
  <Input>../../../../Volumes/LaCie/project2/structure/edited/7M4X_edited.pdb</Input>
  <WorkingDirectory>../../../../Volumes/LaCie/project2/tunnel_geo/7M4X/</WorkingDirectory>
  <Params>
     <Cavity ProbeRadius="10" InteriorThreshold="1.25" />
    <Tunnel SurfaceCoverRadius="10" OriginRadius="5" BottleneckTolerance="3" WeightFunction="LengthAndRadius" UseCustomExitsOnly="1"/>
  </Params>
  <Export>
    <Formats Mesh="1" PyMol="1" CSV="1" />
    <Types Cavities="1" Tunnels="1" />
    <Mesh Density="1.33" Compress="1" />
    <PyMol PDBId="7M4X" SurfaceType="Spheres"  />
  </Export>
  <CustomExits>
    <Exit>
      <Point X="243.8719940185547" Y="284.5010070800781" Z="157.6840057373047" />
    </Exit>
  </CustomExits>
  <Origins Auto="0">
    <Origin>
      <Point X="205.2750015258789" Y="229.00899505615234" Z="194.6699981689453" />
    </Origin>
  </Origins>
</Tunnels>