<?xml version="1.0" encoding="utf-8"?>
<Tunnels>
  <Input>../../../../Volumes/LaCie/project2/structure/edited/7M4Y_edited.pdb</Input>
  <WorkingDirectory>../../../../Volumes/LaCie/project2/tunnel_geo/7M4Y/</WorkingDirectory>
  <Params>
     <Cavity ProbeRadius="10" InteriorThreshold="1.25" />
    <Tunnel SurfaceCoverRadius="10" OriginRadius="5" BottleneckTolerance="3" WeightFunction="LengthAndRadius" UseCustomExitsOnly="1"/>
  </Params>
  <Export>
    <Formats Mesh="1" PyMol="1" CSV="1" />
    <Types Cavities="1" Tunnels="1" />
    <Mesh Density="1.33" Compress="1" />
    <PyMol PDBId="7M4Y" SurfaceType="Spheres"  />
  </Export>
  <CustomExits>
    <Exit>
      <Point X="251.656005859375" Y="151.31100463867188" Z="274.0320129394531" />
    </Exit>
  </CustomExits>
  <Origins Auto="0">
    <Origin>
      <Point X="206.8144989013672" Y="203.15999603271484" Z="238.84349822998047" />
    </Origin>
  </Origins>
</Tunnels>