<?xml version="1.0" encoding="utf-8"?>
<Tunnels>
  <Input>../../../../Volumes/LaCie/project2/structure/edited/7M4Z_edited.pdb</Input>
  <WorkingDirectory>../../../../Volumes/LaCie/project2/tunnel_geo/7M4Z/</WorkingDirectory>
  <Params>
     <Cavity ProbeRadius="10" InteriorThreshold="1.25" />
    <Tunnel SurfaceCoverRadius="10" OriginRadius="5" BottleneckTolerance="3" WeightFunction="LengthAndRadius" UseCustomExitsOnly="1"/>
  </Params>
  <Export>
    <Formats Mesh="1" PyMol="1" CSV="1" />
    <Types Cavities="1" Tunnels="1" />
    <Mesh Density="1.33" Compress="1" />
    <PyMol PDBId="7M4Z" SurfaceType="Spheres"  />
  </Export>
  <CustomExits>
    <Exit>
      <Point X="189.63499450683594" Y="288.17401123046875" Z="269.83599853515625" />
    </Exit>
  </CustomExits>
  <Origins Auto="0">
    <Origin>
      <Point X="228.5885009765625" Y="229.90349578857422" Z="237.57749938964844" />
    </Origin>
  </Origins>
</Tunnels>