<?xml version="1.0" encoding="utf-8"?>
<Tunnels>
  <Input>../../../../Volumes/LaCie/project2/structure/edited/7MT2_edited.pdb</Input>
  <WorkingDirectory>../../../../Volumes/LaCie/project2/tunnel_geo/7MT2/</WorkingDirectory>
  <Params>
     <Cavity ProbeRadius="10" InteriorThreshold="1.25" />
    <Tunnel SurfaceCoverRadius="10" OriginRadius="5" BottleneckTolerance="3" WeightFunction="LengthAndRadius" UseCustomExitsOnly="1"/>
  </Params>
  <Export>
    <Formats Mesh="1" PyMol="1" CSV="1" />
    <Types Cavities="1" Tunnels="1" />
    <Mesh Density="1.33" Compress="1" />
    <PyMol PDBId="7MT2" SurfaceType="Spheres"  />
  </Export>
  <CustomExits>
    <Exit>
      <Point X="184.5659942626953" Y="237.7220001220703" Z="101.20600128173828" />
    </Exit>
  </CustomExits>
  <Origins Auto="0">
    <Origin>
      <Point X="196.53799438476562" Y="184.4334945678711" Z="155.02249908447266" />
    </Origin>
  </Origins>
</Tunnels>