<?xml version="1.0" encoding="utf-8"?>
<Tunnels>
  <Input>../../../../Volumes/LaCie/project2/structure/edited/7MT3_edited.pdb</Input>
  <WorkingDirectory>../../../../Volumes/LaCie/project2/tunnel_geo/7MT3/</WorkingDirectory>
  <Params>
     <Cavity ProbeRadius="10" InteriorThreshold="1.25" />
    <Tunnel SurfaceCoverRadius="10" OriginRadius="5" BottleneckTolerance="3" WeightFunction="LengthAndRadius" UseCustomExitsOnly="1"/>
  </Params>
  <Export>
    <Formats Mesh="1" PyMol="1" CSV="1" />
    <Types Cavities="1" Tunnels="1" />
    <Mesh Density="1.33" Compress="1" />
    <PyMol PDBId="7MT3" SurfaceType="Spheres"  />
  </Export>
  <CustomExits>
    <Exit>
      <Point X="181.19900512695312" Y="240.75399780273438" Z="102.92400360107422" />
    </Exit>
  </CustomExits>
  <Origins Auto="0">
    <Origin>
      <Point X="194.7115020751953" Y="185.36399841308594" Z="154.08200073242188" />
    </Origin>
  </Origins>
</Tunnels>