<?xml version="1.0" encoding="utf-8"?>
<Tunnels>
  <Input>../../../../Volumes/LaCie/project2/structure/edited/7N2C_edited.pdb</Input>
  <WorkingDirectory>../../../../Volumes/LaCie/project2/tunnel_geo/7N2C/</WorkingDirectory>
  <Params>
     <Cavity ProbeRadius="10" InteriorThreshold="1.25" />
    <Tunnel SurfaceCoverRadius="10" OriginRadius="5" BottleneckTolerance="3" WeightFunction="LengthAndRadius" UseCustomExitsOnly="1"/>
  </Params>
  <Export>
    <Formats Mesh="1" PyMol="1" CSV="1" />
    <Types Cavities="1" Tunnels="1" />
    <Mesh Density="1.33" Compress="1" />
    <PyMol PDBId="7N2C" SurfaceType="Spheres"  />
  </Export>
  <CustomExits>
    <Exit>
      <Point X="382.7929992675781" Y="337.5710144042969" Z="263.1340026855469" />
    </Exit>
  </CustomExits>
  <Origins Auto="0">
    <Origin>
      <Point X="332.9205017089844" Y="301.62200927734375" Z="306.74049377441406" />
    </Origin>
  </Origins>
</Tunnels>