<?xml version="1.0" encoding="utf-8"?>
<Tunnels>
  <Input>../../../../Volumes/LaCie/project2/structure/edited/7N2U_edited.pdb</Input>
  <WorkingDirectory>../../../../Volumes/LaCie/project2/tunnel_geo/7N2U/</WorkingDirectory>
  <Params>
     <Cavity ProbeRadius="10" InteriorThreshold="1.25" />
    <Tunnel SurfaceCoverRadius="10" OriginRadius="5" BottleneckTolerance="3" WeightFunction="LengthAndRadius" UseCustomExitsOnly="1"/>
  </Params>
  <Export>
    <Formats Mesh="1" PyMol="1" CSV="1" />
    <Types Cavities="1" Tunnels="1" />
    <Mesh Density="1.33" Compress="1" />
    <PyMol PDBId="7N2U" SurfaceType="Spheres"  />
  </Export>
  <CustomExits>
    <Exit>
      <Point X="382.6789855957031" Y="337.5350036621094" Z="263.07598876953125" />
    </Exit>
  </CustomExits>
  <Origins Auto="0">
    <Origin>
      <Point X="332.92149353027344" Y="301.6604919433594" Z="306.8040008544922" />
    </Origin>
  </Origins>
</Tunnels>