<?xml version="1.0" encoding="utf-8"?>
<Tunnels>
  <Input>../../../../Volumes/LaCie/project2/structure/edited/7N30_edited.pdb</Input>
  <WorkingDirectory>../../../../Volumes/LaCie/project2/tunnel_geo/7N30/</WorkingDirectory>
  <Params>
     <Cavity ProbeRadius="10" InteriorThreshold="1.25" />
    <Tunnel SurfaceCoverRadius="10" OriginRadius="5" BottleneckTolerance="3" WeightFunction="LengthAndRadius" UseCustomExitsOnly="1"/>
  </Params>
  <Export>
    <Formats Mesh="1" PyMol="1" CSV="1" />
    <Types Cavities="1" Tunnels="1" />
    <Mesh Density="1.33" Compress="1" />
    <PyMol PDBId="7N30" SurfaceType="Spheres"  />
  </Export>
  <CustomExits>
    <Exit>
      <Point X="382.76800537109375" Y="337.52398681640625" Z="263.2380065917969" />
    </Exit>
  </CustomExits>
  <Origins Auto="0">
    <Origin>
      <Point X="332.9189910888672" Y="301.5955047607422" Z="306.75950622558594" />
    </Origin>
  </Origins>
</Tunnels>