<?xml version="1.0" encoding="utf-8"?>
<Tunnels>
  <Input>../../../../Volumes/LaCie/project2/structure/edited/7OII_edited.pdb</Input>
  <WorkingDirectory>../../../../Volumes/LaCie/project2/tunnel_geo/7OII/</WorkingDirectory>
  <Params>
     <Cavity ProbeRadius="10" InteriorThreshold="1.25" />
    <Tunnel SurfaceCoverRadius="10" OriginRadius="5" BottleneckTolerance="3" WeightFunction="LengthAndRadius" UseCustomExitsOnly="1"/>
  </Params>
  <Export>
    <Formats Mesh="1" PyMol="1" CSV="1" />
    <Types Cavities="1" Tunnels="1" />
    <Mesh Density="1.33" Compress="1" />
    <PyMol PDBId="7OII" SurfaceType="Spheres"  />
  </Export>
  <CustomExits>
    <Exit>
      <Point X="305.1600036621094" Y="217.9709930419922" Z="238.12600708007812" />
    </Exit>
  </CustomExits>
  <Origins Auto="0">
    <Origin>
      <Point X="240.97000122070312" Y="208.83699798583984" Z="198.91000366210938" />
    </Origin>
  </Origins>
</Tunnels>