<?xml version="1.0" encoding="utf-8"?>
<Tunnels>
  <Input>./structure/7OSA_edited.pdb</Input>
  <WorkingDirectory>./7OSA/</WorkingDirectory>
  <Params>
    <Cavity ProbeRadius="10" InteriorThreshold="1.25" />
    <Tunnel SurfaceCoverRadius="10" OriginRadius="5" BottleneckTolerance="3" WeightFunction="LengthAndRadius" UseCustomExitsOnly="1"/>
  </Params>
  <Export>
    <Formats Mesh="1" PyMol="1" CSV="1" />
    <Types Cavities="1" Tunnels="1" />
    <Mesh Density="1.33" Compress="1" />
    <PyMol PDBId="7OSA" SurfaceType="Spheres"  />
  </Export>
  <CustomExits>
    <Exit>
      <Point X="-76.11699676513672" Y="-5.259999990463257" Z="31.892000198364258" />
    </Exit>
  </CustomExits>
  <Origins Auto="0">
    <Origin>
      <Point X="-76.11699676513672" Y="-5.259999990463257" Z="31.892000198364258" />
    </Origin>
  </Origins>
</Tunnels>