<?xml version="1.0" encoding="utf-8"?>
<Tunnels>
  <Input>./structure/7OSM_edited.pdb</Input>
  <WorkingDirectory>./7OSM/</WorkingDirectory>
  <Params>
    <Cavity ProbeRadius="10" InteriorThreshold="1.25" />
    <Tunnel SurfaceCoverRadius="10" OriginRadius="5" BottleneckTolerance="3" WeightFunction="LengthAndRadius" UseCustomExitsOnly="1"/>
  </Params>
  <Export>
    <Formats Mesh="1" PyMol="1" CSV="1" />
    <Types Cavities="1" Tunnels="1" />
    <Mesh Density="1.33" Compress="1" />
    <PyMol PDBId="7OSM" SurfaceType="Spheres"  />
  </Export>
  <CustomExits>
    <Exit>
      <Point X="-75.86499786376953" Y="-5.677499890327454" Z="32.218000411987305" />
    </Exit>
  </CustomExits>
  <Origins Auto="0">
    <Origin>
      <Point X="-75.86499786376953" Y="-5.677499890327454" Z="32.218000411987305" />
    </Origin>
  </Origins>
</Tunnels>