<?xml version="1.0" encoding="utf-8"?>
<Tunnels>
  <Input>../../../../Volumes/LaCie/project2/structure/edited/7P7T_edited.pdb</Input>
  <WorkingDirectory>../../../../Volumes/LaCie/project2/tunnel_geo/7P7T/</WorkingDirectory>
  <Params>
     <Cavity ProbeRadius="10" InteriorThreshold="1.25" />
    <Tunnel SurfaceCoverRadius="10" OriginRadius="5" BottleneckTolerance="3" WeightFunction="LengthAndRadius" UseCustomExitsOnly="1"/>
  </Params>
  <Export>
    <Formats Mesh="1" PyMol="1" CSV="1" />
    <Types Cavities="1" Tunnels="1" />
    <Mesh Density="1.33" Compress="1" />
    <PyMol PDBId="7P7T" SurfaceType="Spheres"  />
  </Export>
  <CustomExits>
    <Exit>
      <Point X="120.91000366210938" Y="101.5790023803711" Z="149.12100219726562" />
    </Exit>
  </CustomExits>
  <Origins Auto="0">
    <Origin>
      <Point X="165.6685028076172" Y="150.63249969482422" Z="185.28499603271484" />
    </Origin>
  </Origins>
</Tunnels>