<?xml version="1.0" encoding="utf-8"?>
<Tunnels>
  <Input>../../../../Volumes/LaCie/project2/structure/edited/7PJY_edited.pdb</Input>
  <WorkingDirectory>../../../../Volumes/LaCie/project2/tunnel_geo/7PJY/</WorkingDirectory>
  <Params>
     <Cavity ProbeRadius="10" InteriorThreshold="1.25" />
    <Tunnel SurfaceCoverRadius="10" OriginRadius="5" BottleneckTolerance="3" WeightFunction="LengthAndRadius" UseCustomExitsOnly="1"/>
  </Params>
  <Export>
    <Formats Mesh="1" PyMol="1" CSV="1" />
    <Types Cavities="1" Tunnels="1" />
    <Mesh Density="1.33" Compress="1" />
    <PyMol PDBId="7PJY" SurfaceType="Spheres"  />
  </Export>
  <CustomExits>
    <Exit>
      <Point X="154.3040008544922" Y="232.31199645996094" Z="104.31099700927734" />
    </Exit>
  </CustomExits>
  <Origins Auto="0">
    <Origin>
      <Point X="183.5354995727539" Y="182.97900390625" Z="151.54150390625" />
    </Origin>
  </Origins>
</Tunnels>