<?xml version="1.0" encoding="utf-8"?>
<Tunnels>
  <Input>../../../../Volumes/LaCie/project2/structure/edited/7QG8_edited.pdb</Input>
  <WorkingDirectory>../../../../Volumes/LaCie/project2/tunnel_geo/7QG8/</WorkingDirectory>
  <Params>
     <Cavity ProbeRadius="10" InteriorThreshold="1.25" />
    <Tunnel SurfaceCoverRadius="10" OriginRadius="5" BottleneckTolerance="3" WeightFunction="LengthAndRadius" UseCustomExitsOnly="1"/>
  </Params>
  <Export>
    <Formats Mesh="1" PyMol="1" CSV="1" />
    <Types Cavities="1" Tunnels="1" />
    <Mesh Density="1.33" Compress="1" />
    <PyMol PDBId="7QG8" SurfaceType="Spheres"  />
  </Export>
  <CustomExits>
    <Exit>
      <Point X="248.3979949951172" Y="276.9580078125" Z="403.3009948730469" />
    </Exit>
  </CustomExits>
  <Origins Auto="0">
    <Origin>
      <Point X="313.9550018310547" Y="313.4150085449219" Z="410.72149658203125" />
    </Origin>
  </Origins>
</Tunnels>