<?xml version="1.0" encoding="utf-8"?>
<Tunnels>
  <Input>../../../../Volumes/LaCie/project2/structure/edited/7QGN_edited.pdb</Input>
  <WorkingDirectory>../../../../Volumes/LaCie/project2/tunnel_geo/7QGN/</WorkingDirectory>
  <Params>
     <Cavity ProbeRadius="10" InteriorThreshold="1.25" />
    <Tunnel SurfaceCoverRadius="10" OriginRadius="5" BottleneckTolerance="3" WeightFunction="LengthAndRadius" UseCustomExitsOnly="1"/>
  </Params>
  <Export>
    <Formats Mesh="1" PyMol="1" CSV="1" />
    <Types Cavities="1" Tunnels="1" />
    <Mesh Density="1.33" Compress="1" />
    <PyMol PDBId="7QGN" SurfaceType="Spheres"  />
  </Export>
  <CustomExits>
    <Exit>
      <Point X="232.98300170898438" Y="324.15399169921875" Z="224.9340057373047" />
    </Exit>
  </CustomExits>
  <Origins Auto="0">
    <Origin>
      <Point X="232.1804962158203" Y="259.947998046875" Z="264.41600036621094" />
    </Origin>
  </Origins>
</Tunnels>