<?xml version="1.0" encoding="utf-8"?>
<Tunnels>
  <Input>../../../../Volumes/LaCie/project2/structure/edited/7RQ9_edited.pdb</Input>
  <WorkingDirectory>../../../../Volumes/LaCie/project2/tunnel_geo/7RQ9/</WorkingDirectory>
  <Params>
     <Cavity ProbeRadius="10" InteriorThreshold="1.25" />
    <Tunnel SurfaceCoverRadius="10" OriginRadius="5" BottleneckTolerance="3" WeightFunction="LengthAndRadius" UseCustomExitsOnly="1"/>
  </Params>
  <Export>
    <Formats Mesh="1" PyMol="1" CSV="1" />
    <Types Cavities="1" Tunnels="1" />
    <Mesh Density="1.33" Compress="1" />
    <PyMol PDBId="7RQ9" SurfaceType="Spheres"  />
  </Export>
  <CustomExits>
    <Exit>
      <Point X="7.061999797821045" Y="-70.62999725341797" Z="-27.492000579833984" />
    </Exit>
  </CustomExits>
  <Origins Auto="0">
    <Origin>
      <Point X="76.34550094604492" Y="-51.59749984741211" Z="-2.26200008392334" />
    </Origin>
  </Origins>
</Tunnels>