<?xml version="1.0" encoding="utf-8"?>
<Tunnels>
  <Input>../../../../Volumes/LaCie/project2/structure/edited/7RYG_edited.pdb</Input>
  <WorkingDirectory>../../../../Volumes/LaCie/project2/tunnel_geo/7RYG/</WorkingDirectory>
  <Params>
     <Cavity ProbeRadius="10" InteriorThreshold="1.25" />
    <Tunnel SurfaceCoverRadius="10" OriginRadius="5" BottleneckTolerance="3" WeightFunction="LengthAndRadius" UseCustomExitsOnly="1"/>
  </Params>
  <Export>
    <Formats Mesh="1" PyMol="1" CSV="1" />
    <Types Cavities="1" Tunnels="1" />
    <Mesh Density="1.33" Compress="1" />
    <PyMol PDBId="7RYG" SurfaceType="Spheres"  />
  </Export>
  <CustomExits>
    <Exit>
      <Point X="249.34100341796875" Y="350.6579895019531" Z="332.4880065917969" />
    </Exit>
  </CustomExits>
  <Origins Auto="0">
    <Origin>
      <Point X="290.02149963378906" Y="293.52850341796875" Z="299.2384948730469" />
    </Origin>
  </Origins>
</Tunnels>