<?xml version="1.0" encoding="utf-8"?>
<Tunnels>
  <Input>../../../../Volumes/LaCie/project2/structure/edited/7RYH_edited.pdb</Input>
  <WorkingDirectory>../../../../Volumes/LaCie/project2/tunnel_geo/7RYH/</WorkingDirectory>
  <Params>
     <Cavity ProbeRadius="10" InteriorThreshold="1.25" />
    <Tunnel SurfaceCoverRadius="10" OriginRadius="5" BottleneckTolerance="3" WeightFunction="LengthAndRadius" UseCustomExitsOnly="1"/>
  </Params>
  <Export>
    <Formats Mesh="1" PyMol="1" CSV="1" />
    <Types Cavities="1" Tunnels="1" />
    <Mesh Density="1.33" Compress="1" />
    <PyMol PDBId="7RYH" SurfaceType="Spheres"  />
  </Export>
  <CustomExits>
    <Exit>
      <Point X="249.06900024414062" Y="350.60400390625" Z="332.7749938964844" />
    </Exit>
  </CustomExits>
  <Origins Auto="0">
    <Origin>
      <Point X="289.6959991455078" Y="293.63250732421875" Z="299.28900146484375" />
    </Origin>
  </Origins>
</Tunnels>