<?xml version="1.0" encoding="utf-8"?>
<Tunnels>
  <Input>../../../../Volumes/LaCie/project2/structure/edited/7S1G_edited.pdb</Input>
  <WorkingDirectory>../../../../Volumes/LaCie/project2/tunnel_geo/7S1G/</WorkingDirectory>
  <Params>
     <Cavity ProbeRadius="10" InteriorThreshold="1.25" />
    <Tunnel SurfaceCoverRadius="10" OriginRadius="5" BottleneckTolerance="3" WeightFunction="LengthAndRadius" UseCustomExitsOnly="1"/>
  </Params>
  <Export>
    <Formats Mesh="1" PyMol="1" CSV="1" />
    <Types Cavities="1" Tunnels="1" />
    <Mesh Density="1.33" Compress="1" />
    <PyMol PDBId="7S1G" SurfaceType="Spheres"  />
  </Export>
  <CustomExits>
    <Exit>
      <Point X="245.48599243164062" Y="244.68099975585938" Z="282.2049865722656" />
    </Exit>
  </CustomExits>
  <Origins Auto="0">
    <Origin>
      <Point X="208.07500457763672" Y="233.56200408935547" Z="217.71199798583984" />
    </Origin>
  </Origins>
</Tunnels>