<?xml version="1.0" encoding="utf-8"?>
<Tunnels>
  <Input>../../../../Volumes/LaCie/project2/structure/edited/7S1H_edited.pdb</Input>
  <WorkingDirectory>../../../../Volumes/LaCie/project2/tunnel_geo/7S1H/</WorkingDirectory>
  <Params>
     <Cavity ProbeRadius="10" InteriorThreshold="1.25" />
    <Tunnel SurfaceCoverRadius="10" OriginRadius="5" BottleneckTolerance="3" WeightFunction="LengthAndRadius" UseCustomExitsOnly="1"/>
  </Params>
  <Export>
    <Formats Mesh="1" PyMol="1" CSV="1" />
    <Types Cavities="1" Tunnels="1" />
    <Mesh Density="1.33" Compress="1" />
    <PyMol PDBId="7S1H" SurfaceType="Spheres"  />
  </Export>
  <CustomExits>
    <Exit>
      <Point X="245.60499572753906" Y="244.70399475097656" Z="282.1889953613281" />
    </Exit>
  </CustomExits>
  <Origins Auto="0">
    <Origin>
      <Point X="208.13800048828125" Y="233.4824981689453" Z="217.58799743652344" />
    </Origin>
  </Origins>
</Tunnels>