<?xml version="1.0" encoding="utf-8"?>
<Tunnels>
  <Input>../../../../Volumes/LaCie/project2/structure/edited/7SS9_edited.pdb</Input>
  <WorkingDirectory>../../../../Volumes/LaCie/project2/tunnel_geo/7SS9/</WorkingDirectory>
  <Params>
     <Cavity ProbeRadius="10" InteriorThreshold="1.25" />
    <Tunnel SurfaceCoverRadius="10" OriginRadius="5" BottleneckTolerance="3" WeightFunction="LengthAndRadius" UseCustomExitsOnly="1"/>
  </Params>
  <Export>
    <Formats Mesh="1" PyMol="1" CSV="1" />
    <Types Cavities="1" Tunnels="1" />
    <Mesh Density="1.33" Compress="1" />
    <PyMol PDBId="7SS9" SurfaceType="Spheres"  />
  </Export>
  <CustomExits>
    <Exit>
      <Point X="250.37899780273438" Y="171.51400756835938" Z="245.25100708007812" />
    </Exit>
  </CustomExits>
  <Origins Auto="0">
    <Origin>
      <Point X="211.93900299072266" Y="195.8144989013672" Z="186.42599487304688" />
    </Origin>
  </Origins>
</Tunnels>