<?xml version="1.0" encoding="utf-8"?>
<Tunnels>
  <Input>../../../../Volumes/LaCie/project2/structure/edited/7SSD_edited.pdb</Input>
  <WorkingDirectory>../../../../Volumes/LaCie/project2/tunnel_geo/7SSD/</WorkingDirectory>
  <Params>
     <Cavity ProbeRadius="10" InteriorThreshold="1.25" />
    <Tunnel SurfaceCoverRadius="10" OriginRadius="5" BottleneckTolerance="3" WeightFunction="LengthAndRadius" UseCustomExitsOnly="1"/>
  </Params>
  <Export>
    <Formats Mesh="1" PyMol="1" CSV="1" />
    <Types Cavities="1" Tunnels="1" />
    <Mesh Density="1.33" Compress="1" />
    <PyMol PDBId="7SSD" SurfaceType="Spheres"  />
  </Export>
  <CustomExits>
    <Exit>
      <Point X="252.08599853515625" Y="170.87100219726562" Z="245.8070068359375" />
    </Exit>
  </CustomExits>
  <Origins Auto="0">
    <Origin>
      <Point X="212.64200592041016" Y="195.7959976196289" Z="187.17350006103516" />
    </Origin>
  </Origins>
</Tunnels>