<?xml version="1.0" encoding="utf-8"?>
<Tunnels>
  <Input>../../../../Volumes/LaCie/project2/structure/edited/7SSN_edited.pdb</Input>
  <WorkingDirectory>../../../../Volumes/LaCie/project2/tunnel_geo/7SSN/</WorkingDirectory>
  <Params>
     <Cavity ProbeRadius="10" InteriorThreshold="1.25" />
    <Tunnel SurfaceCoverRadius="10" OriginRadius="5" BottleneckTolerance="3" WeightFunction="LengthAndRadius" UseCustomExitsOnly="1"/>
  </Params>
  <Export>
    <Formats Mesh="1" PyMol="1" CSV="1" />
    <Types Cavities="1" Tunnels="1" />
    <Mesh Density="1.33" Compress="1" />
    <PyMol PDBId="7SSN" SurfaceType="Spheres"  />
  </Export>
  <CustomExits>
    <Exit>
      <Point X="104.2040023803711" Y="199.11000061035156" Z="211.4709930419922" />
    </Exit>
  </CustomExits>
  <Origins Auto="0">
    <Origin>
      <Point X="178.37649536132812" Y="210.1884994506836" Z="206.0219955444336" />
    </Origin>
  </Origins>
</Tunnels>