<?xml version="1.0" encoding="utf-8"?>
<Tunnels>
  <Input>../../../../Volumes/LaCie/project2/structure/edited/7SSW_edited.pdb</Input>
  <WorkingDirectory>../../../../Volumes/LaCie/project2/tunnel_geo/7SSW/</WorkingDirectory>
  <Params>
     <Cavity ProbeRadius="10" InteriorThreshold="1.25" />
    <Tunnel SurfaceCoverRadius="10" OriginRadius="5" BottleneckTolerance="3" WeightFunction="LengthAndRadius" UseCustomExitsOnly="1"/>
  </Params>
  <Export>
    <Formats Mesh="1" PyMol="1" CSV="1" />
    <Types Cavities="1" Tunnels="1" />
    <Mesh Density="1.33" Compress="1" />
    <PyMol PDBId="7SSW" SurfaceType="Spheres"  />
  </Export>
  <CustomExits>
    <Exit>
      <Point X="250.59300231933594" Y="174.23300170898438" Z="245.09300231933594" />
    </Exit>
  </CustomExits>
  <Origins Auto="0">
    <Origin>
      <Point X="211.86150360107422" Y="198.38400268554688" Z="186.17449951171875" />
    </Origin>
  </Origins>
</Tunnels>