<?xml version="1.0" encoding="utf-8"?>
<Tunnels>
  <Input>../../../../Volumes/LaCie/project2/structure/edited/7ST2_edited.pdb</Input>
  <WorkingDirectory>../../../../Volumes/LaCie/project2/tunnel_geo/7ST2/</WorkingDirectory>
  <Params>
     <Cavity ProbeRadius="10" InteriorThreshold="1.25" />
    <Tunnel SurfaceCoverRadius="10" OriginRadius="5" BottleneckTolerance="3" WeightFunction="LengthAndRadius" UseCustomExitsOnly="1"/>
  </Params>
  <Export>
    <Formats Mesh="1" PyMol="1" CSV="1" />
    <Types Cavities="1" Tunnels="1" />
    <Mesh Density="1.33" Compress="1" />
    <PyMol PDBId="7ST2" SurfaceType="Spheres"  />
  </Export>
  <CustomExits>
    <Exit>
      <Point X="260.70098876953125" Y="179.66200256347656" Z="258.0610046386719" />
    </Exit>
  </CustomExits>
  <Origins Auto="0">
    <Origin>
      <Point X="221.6060028076172" Y="203.8625030517578" Z="198.9770050048828" />
    </Origin>
  </Origins>
</Tunnels>