<?xml version="1.0" encoding="utf-8"?>
<Tunnels>
  <Input>./structure/7TOO_edited.pdb</Input>
  <WorkingDirectory>./7TOO/</WorkingDirectory>
  <Params>
    <Cavity ProbeRadius="10" InteriorThreshold="1.25" />
    <Tunnel SurfaceCoverRadius="10" OriginRadius="5" BottleneckTolerance="3" WeightFunction="LengthAndRadius" UseCustomExitsOnly="1"/>
  </Params>
  <Export>
    <Formats Mesh="1" PyMol="1" CSV="1" />
    <Types Cavities="1" Tunnels="1" />
    <Mesh Density="1.33" Compress="1" />
    <PyMol PDBId="7TOO" SurfaceType="Spheres"  />
  </Export>
  <CustomExits>
    <Exit>
      <Point X="206.21099853515625" Y="220.7490005493164" Z="192.73049926757812" />
    </Exit>
  </CustomExits>
  <Origins Auto="0">
    <Origin>
      <Point X="206.21099853515625" Y="220.7490005493164" Z="192.73049926757812" />
    </Origin>
  </Origins>
</Tunnels>