<?xml version="1.0" encoding="utf-8"?>
<Tunnels>
  <Input>./structure/7TOP_edited.pdb</Input>
  <WorkingDirectory>./7TOP/</WorkingDirectory>
  <Params>
    <Cavity ProbeRadius="10" InteriorThreshold="1.25" />
    <Tunnel SurfaceCoverRadius="10" OriginRadius="5" BottleneckTolerance="3" WeightFunction="LengthAndRadius" UseCustomExitsOnly="1"/>
  </Params>
  <Export>
    <Formats Mesh="1" PyMol="1" CSV="1" />
    <Types Cavities="1" Tunnels="1" />
    <Mesh Density="1.33" Compress="1" />
    <PyMol PDBId="7TOP" SurfaceType="Spheres"  />
  </Export>
  <CustomExits>
    <Exit>
      <Point X="197.2010040283203" Y="210.43250274658203" Z="192.37850189208984" />
    </Exit>
  </CustomExits>
  <Origins Auto="0">
    <Origin>
      <Point X="197.2010040283203" Y="210.43250274658203" Z="192.37850189208984" />
    </Origin>
  </Origins>
</Tunnels>