<?xml version="1.0" encoding="utf-8"?>
<Tunnels>
  <Input>../../../../Volumes/LaCie/project2/structure/edited/7UNW_edited.pdb</Input>
  <WorkingDirectory>../../../../Volumes/LaCie/project2/tunnel_geo/7UNW/</WorkingDirectory>
  <Params>
     <Cavity ProbeRadius="10" InteriorThreshold="1.25" />
    <Tunnel SurfaceCoverRadius="10" OriginRadius="5" BottleneckTolerance="3" WeightFunction="LengthAndRadius" UseCustomExitsOnly="1"/>
  </Params>
  <Export>
    <Formats Mesh="1" PyMol="1" CSV="1" />
    <Types Cavities="1" Tunnels="1" />
    <Mesh Density="1.33" Compress="1" />
    <PyMol PDBId="7UNW" SurfaceType="Spheres"  />
  </Export>
  <CustomExits>
    <Exit>
      <Point X="239.60899353027344" Y="281.0220031738281" Z="152.66900634765625" />
    </Exit>
  </CustomExits>
  <Origins Auto="0">
    <Origin>
      <Point X="205.09500122070312" Y="226.54049682617188" Z="194.13800048828125" />
    </Origin>
  </Origins>
</Tunnels>