,struct_ids,parent_chain,coord_x,coord_y,coord_z
0,4U1U,BA,-70.89650344848633,-50.731000900268555,-1.2955000400543213
1,4U1V,BA,-70.67150115966797,-51.02400016784668,-1.6035001277923584
2,4U20,BA,-71.17100143432617,-50.8179988861084,-1.4305000305175781
3,4U24,BA,-70.48849868774414,-50.819000244140625,-1.3565001487731934
4,4U25,BA,-70.68149948120117,-50.94799995422363,-1.3505001068115234
5,4U26,BA,-70.82099914550781,-50.75050163269043,-1.245499849319458
6,4U27,BA,-71.03900146484375,-51.05550003051758,-1.321500301361084
7,4WOI,BA,-66.72600173950195,-51.67150115966797,-0.562000036239624
8,4P70,RA,-23.946430206298828,115.12872314453125,162.9516830444336
9,6N1D,A23S,83.9645004272461,-111.66500091552734,-157.9939956665039
10,5J4D,B,80.66300201416016,-52.52149963378906,-2.8305001258850098
11,4L71,RA,-23.59149932861328,114.57450103759766,163.98650360107422
12,6Q95,1,251.92149353027344,223.79450225830078,244.80249786376953
13,4WZO,14,-24.01900005340576,115.59950256347656,163.48149871826172
14,5EL6,14,-23.71799945831299,114.37950134277344,162.42549896240234
15,4V6F,AA,-22.979999542236328,115.36849975585938,163.1929931640625
16,4V6G,BA,-23.633999824523926,116.77450180053711,164.75650024414062
17,4W2E,A,127.09099960327148,18.619500160217285,44.84000015258789
18,5WIS,1A,76.59149932861328,-52.053998947143555,-2.424499988555908
19,1VVJ,RA,-23.772500038146973,115.75350189208984,162.84449768066406
20,4V8J,BA,-22.9399995803833,114.95149993896484,162.35150146484375
21,4V5K,BA,-23.190500259399414,116.27450180053711,163.3395004272461
22,4V5P,BA,-56.764997482299805,-9.10099983215332,64.87349891662598
23,4V5Q,BA,-56.8804988861084,-8.922000169754028,64.81599998474121
24,4V8O,BA,32.45699977874756,29.333499908447266,58.41150093078613
25,4V8Q,AA,17.80750036239624,21.111000537872314,42.21649932861328
26,4V8X,BA,-23.59999942779541,116.22949981689453,163.7750015258789
27,5EL4,14,-24.164000511169434,115.18249893188477,162.68299865722656
28,5EL7,14,-23.832499504089355,115.1884994506836,163.0615005493164
29,5IB8,14,-24.08549976348877,115.37849807739258,162.7594985961914
30,5IBB,14,-23.643500328063965,115.62199783325195,163.2584991455078
31,5MDY,1,222.2490005493164,182.6935043334961,213.50150299072266
32,5VPO,RA,-23.954500198364258,115.55450057983398,163.82150268554688
33,6GSK,14,-24.201000213623047,115.96399688720703,162.9340057373047
34,7RQA,1A,76.08149719238281,-52.20249938964844,-2.320000171661377
35,7RQB,1A,76.17150115966797,-52.02350044250488,-1.943000316619873
36,7RQC,1A,76.1104965209961,-52.1870002746582,-1.881500005722046
37,7RQD,1A,76.23600006103516,-52.232500076293945,-2.177999973297119
38,7RQE,1A,76.26900100708008,-52.15700149536133,-1.9835000038146973
39,4V84,BA,-23.01949977874756,115.38049697875977,162.74600219726562
40,5V8I,1A,77.11599731445312,-52.38400077819824,-2.076000213623047
41,4V4I,w,-170.46199798583984,20.90049934387207,-82.8115005493164
42,4V63,BA,-23.755000114440918,116.26899719238281,163.08899688720703
43,6BOK,B,80.30000305175781,-52.03299903869629,-2.629000186920166
44,6V39,AN1,283.510986328125,259.3820037841797,249.7969970703125
45,6V3A,AN1,262.4735107421875,286.49049377441406,248.88800048828125
46,6V3B,AN1,283.1165008544922,258.5510025024414,250.09100341796875
47,6V3D,AN1,268.4179992675781,257.7105026245117,268.29649353027344
48,7M4V,A,221.62650299072266,201.93999481201172,219.55750274658203
49,7M4Y,A,206.8144989013672,203.15999603271484,238.84349822998047
50,7M4Z,A,228.5885009765625,229.90349578857422,237.57749938964844
51,3J9Z,LA,211.28700256347656,184.69649505615234,174.6310043334961
52,3JA1,LA,211.89749908447266,186.53900146484375,177.10050201416016
53,4V54,BB,84.88600158691406,-45.11800003051758,-84.70599746704102
54,4V67,BA,-24.64050006866455,117.27250289916992,163.3105010986328
55,6C5L,BA,-23.550000190734863,116.47050094604492,164.18700408935547
56,6N9E,1A,80.85900115966797,-52.48400115966797,-2.442499876022339
57,6N9F,1A,80.59550094604492,-52.347999572753906,-2.50249981880188
58,4LEL,RA,-23.04949951171875,114.17350006103516,162.98500061035156
59,4LFZ,RA,-23.893500328063965,116.30450057983398,163.61349487304688
60,4LNT,RA,-23.939499855041504,115.67799758911133,163.26649475097656
61,4LSK,RA,-23.600500106811523,115.4739990234375,163.98599243164062
62,4LT8,RA,-23.772500038146973,115.5094985961914,163.01100158691406
63,4V51,BA,-21.795499801635742,116.7400016784668,164.69449615478516
64,4V5C,BA,-20.703499794006348,115.61100006103516,164.06700134277344
65,4V5D,BA,-75.62650299072266,-52.517499923706055,2.92900013923645
66,4V5E,BA,-24.31999969482422,116.07150268554688,163.69950103759766
67,4V5F,BA,-57.145999908447266,-7.762999892234802,64.78449821472168
68,4V5G,BA,-56.32499885559082,-11.242499828338623,65.17200088500977
69,4V5J,BA,-23.308500289916992,116.85549926757812,164.2645034790039
70,4V5L,BA,159.87250518798828,-11.556000471115112,58.4685001373291
71,4V5R,BA,50.303998947143555,-137.0124969482422,136.5865020751953
72,4V5S,BA,-56.4265022277832,-8.924500107765198,64.82599830627441
73,4V8G,BA,76.19950103759766,-52.52499961853027,-2.004500150680542
74,4V8H,BA,76.27099990844727,-51.90299987792969,-2.2154998779296875
75,4V95,BA,76.48699951171875,-52.17099952697754,-2.258000135421753
76,4V97,BA,-22.91450023651123,114.68500137329102,163.30149841308594
77,4WQ1,14,-23.704999923706055,115.36899948120117,162.58599853515625
78,4WQR,14,-23.5939998626709,115.32450103759766,163.57350158691406
79,4WR6,14,-24.014500617980957,115.68349838256836,163.03599548339844
80,4WRO,14,-23.941999435424805,115.17400360107422,162.98699951171875
81,4WSD,14,-23.836999893188477,115.59600067138672,163.43000030517578
82,4WSM,14,-24.1924991607666,115.5525016784668,162.9324951171875
83,4WT1,14,-23.734999656677246,115.03400039672852,163.60800170898438
84,4Y4O,1A,75.82449722290039,-52.03750038146973,-2.0294997692108154
85,4ZER,1A,76.19350051879883,-52.49949836730957,-2.3424999713897705
86,5CZP,RA,-24.167500495910645,115.7239990234375,163.45099639892578
87,5EL5,14,-23.94349956512451,114.7405014038086,162.38899993896484
88,5F8K,1A,76.47800064086914,-52.31949996948242,-2.129499912261963
89,5FDU,1A,76.04249954223633,-52.07550048828125,-2.4759998321533203
90,5FDV,1A,76.17100143432617,-52.30799865722656,-2.4700000286102295
91,5UQ7,A,219.9114990234375,189.6269989013672,180.42949676513672
92,5UQ8,A,219.7509994506836,189.4020004272461,180.58399963378906
93,6FKR,1A,76.15750122070312,-52.10249900817871,-2.495000123977661
94,6GSJ,14,-23.971500396728516,115.65450286865234,162.6894989013672
95,6GSL,14,-24.07100009918213,115.63349914550781,162.85400390625
96,6QNQ,14,-23.67449951171875,116.46650314331055,164.57850646972656
97,6QNR,14,-23.03250026702881,115.4020004272461,163.17750549316406
98,6XHX,1A,76.125,-52.059499740600586,-1.9784998893737793
99,7MD7,1A,76.22550201416016,-52.04999923706055,-1.9270000457763672
100,5O2R,A,189.65399932861328,222.8115005493164,205.53299713134766
101,1VY4,BA,76.46700286865234,-52.12399864196777,-2.2935001850128174
102,1VY5,BA,76.29700088500977,-52.16550064086914,-2.3980000019073486
103,1VY6,BA,76.50800323486328,-52.083499908447266,-1.943000078201294
104,1VY7,BA,76.07350158691406,-51.425498962402344,-1.9885001182556152
105,4V5A,BA,-20.354999542236328,115.62250137329102,164.29550170898438
106,4V6A,BA,78.8239974975586,-52.11750030517578,-2.875000238418579
107,4V8N,BA,-76.87799835205078,-52.319000244140625,2.430499792098999
108,4V9H,BA,35.690500259399414,20.78800058364868,104.71200180053711
109,4V9I,BA,-76.89400100708008,-52.18350028991699,2.051500082015991
110,4W4G,RA,-20.927499771118164,114.00350189208984,162.0615005493164
111,4WRA,14,-23.727499961853027,115.86349868774414,163.62049865722656
112,4WU1,14,-24.564000129699707,116.36949920654297,162.5739974975586
113,4WZD,14,-24.61150074005127,115.52849960327148,162.64600372314453
114,4Y4P,1A,76.55000305175781,-52.23299980163574,-2.491000175476074
115,4YPB,RA,-20.815500259399414,114.24049758911133,162.1030044555664
116,4YZV,RA,-20.534500122070312,114.01850128173828,162.48900604248047
117,4ZSN,RA,-20.590499877929688,113.82950210571289,162.24099731445312
118,5E7K,14,-23.793999671936035,115.32600021362305,163.50899505615234
119,5E81,14,-23.602499961853027,115.29549789428711,163.12349700927734
120,5J4B,1A,76.57550048828125,-52.26649856567383,-2.3464996814727783
121,5J4C,1A,76.12699890136719,-51.73749923706055,-2.4179999828338623
122,5NDJ,14,-23.420499801635742,115.4469985961914,162.7594985961914
123,5NDK,14,-23.612000465393066,115.17150115966797,162.63699340820312
124,5OT7,4,267.6390075683594,238.5135040283203,249.47699737548828
125,5VP2,1A,76.59500122070312,-52.314998626708984,-2.3405001163482666
126,5VPP,RA,-23.46649932861328,115.85249710083008,164.33399963378906
127,5WIT,1A,76.739501953125,-51.67550086975098,-2.3545000553131104
128,6BUW,RA,-24.04199981689453,115.90950012207031,162.78199768066406
129,6BZ6,RA,-23.802000045776367,115.21800231933594,162.71700286865234
130,6BZ7,RA,-23.531999588012695,113.9474983215332,162.0019989013672
131,6BZ8,RA,-23.649499893188477,115.43949890136719,162.50249481201172
132,6NDK,RA,-23.26349925994873,114.25299835205078,162.0675048828125
133,6NSH,RA,-23.928500175476074,116.6135025024414,163.95699310302734
134,6NTA,RA,-23.976500511169434,116.72650146484375,163.58049774169922
135,6NUO,RA,-24.148000717163086,116.57350158691406,163.1364974975586
136,6NWY,RA,-23.38499927520752,115.54449844360352,164.42350006103516
137,6O3M,RA,-23.96649932861328,115.92899703979492,162.9459991455078
138,6OF1,1A,75.90099716186523,-51.7185001373291,-2.184000253677368
139,6OF6,RA,-23.600500106811523,116.72850036621094,164.45399475097656
140,6OJ2,RA,-23.841500282287598,117.0,164.47799682617188
141,6OPE,RA,-23.74049949645996,115.96099853515625,162.9759979248047
142,6ORD,RA,-23.68899917602539,114.85050201416016,161.79650115966797
143,6OTR,RA,-20.638500213623047,113.44599914550781,161.94100189208984
144,6OXA,RA,-20.529000282287598,113.76250076293945,162.24600219726562
145,6OXI,RA,-20.625,114.29399871826172,162.33100128173828
146,6UCQ,1A,77.39749908447266,-51.9640007019043,-2.5429999828338623
147,6UO1,1A,76.23400115966797,-51.589500427246094,-2.1454999446868896
148,6XHV,1A,75.8844985961914,-51.49049949645996,-2.245500087738037
149,6XHW,1A,76.68550109863281,-51.82849884033203,-2.315000057220459
150,6XHY,1A,76.39049911499023,-51.89400100708008,-2.3350002765655518
151,6XQD,1A,75.93899917602539,-52.01150131225586,-2.3445000648498535
152,6XQE,1A,76.24749755859375,-51.856000900268555,-1.8334999084472656
153,7AZO,23SA,29.159500122070312,275.1490020751953,-1.810500144958496
154,7AZS,23SA,29.553500175476074,277.20350646972656,-2.236999988555908
155,7JQL,1A,76.26199722290039,-52.236000061035156,-2.2730000019073486
156,7JQM,1A,76.01449966430664,-51.87100028991699,-2.0160000324249268
157,7LH5,BA,-23.643779754638672,115.76473999023438,162.77879333496094
158,7U2H,1A,76.79449844360352,-52.417999267578125,-2.1715002059936523
159,7U2I,1A,76.65500259399414,-52.29249954223633,-2.255999803543091
160,7U2J,1A,76.24699783325195,-52.454999923706055,-2.566500186920166
161,4V6C,BA,-71.2509994506836,-50.99100112915039,-1.2640001773834229
162,4V6D,BA,-72.0270004272461,-51.00900077819824,-0.4744999408721924
163,4V6E,BA,-71.99100112915039,-50.71700096130371,-0.6969997882843018
164,4V7U,BA,-71.53100204467773,-50.98750114440918,-1.073500156402588
165,4V9D,CA,-68.04650115966797,-52.4744987487793,-1.2655000686645508
166,5GAG,A,222.12000274658203,227.83450317382812,237.1439971923828
167,5H5U,A,235.77050018310547,211.56199645996094,198.62899780273438
168,5JU8,BA,190.36349487304688,210.68450164794922,202.3844985961914
169,5L3P,A,194.45000457763672,225.52000427246094,210.1230010986328
170,5NP6,Y,222.38949584960938,162.54750061035156,173.17350006103516
171,5NWY,N,192.66449737548828,220.2094955444336,212.23550415039062
172,5U4I,A,236.73350524902344,199.32450103759766,215.39049530029297
173,5U9F,01,229.74749755859375,202.67350006103516,196.38499450683594
174,5U9G,01,229.7385025024414,202.9375,196.3864974975586
175,5WFK,A,209.8290023803711,192.61300659179688,183.97949981689453
176,6BY1,CA,-77.44999694824219,-50.47599983215332,1.1119999885559082
177,6OFX,1,217.67050170898438,183.37950134277344,206.43099975585938
178,6OG7,1,218.97850036621094,181.78900146484375,206.31849670410156
179,6WD6,1,213.8800048828125,187.93099975585938,177.9375
180,6WDE,1,216.30500030517578,187.98300170898438,178.0459976196289
181,7D6Z,A,240.06400299072266,217.4185028076172,204.46900177001953
182,7N2C,23,332.9205017089844,301.62200927734375,306.74049377441406
183,7QGN,N,232.1804962158203,259.947998046875,264.41600036621094
184,7UG7,23,195.35049438476562,190.26299285888672,173.45000457763672
185,1NKW,0,54.16950035095215,121.64250183105469,121.47800064086914
186,1NWX,0,54.57400131225586,120.8594970703125,120.65549850463867
187,1NWY,0,53.57150077819824,121.62499618530273,121.45399856567383
188,1XBP,0,53.813499450683594,122.10200119018555,122.51199722290039
189,2ZJQ,X,54.0620002746582,123.39650344848633,122.4384994506836
190,2ZJR,X,54.1245002746582,123.46600341796875,122.322998046875
191,3DLL,X,54.24399948120117,123.00700378417969,121.83200073242188
192,5DM6,X,54.31999969482422,124.36199951171875,122.59650039672852
193,5DM7,X,54.07349967956543,124.59399795532227,122.54199981689453
194,4V4J,w,-170.10649871826172,21.22249984741211,-83.15449905395508
195,4V7P,BA,-24.235499382019043,115.74300003051758,163.0850067138672
196,4V83,BA,-23.179499626159668,116.5625,163.78800201416016
197,4V9N,BA,-23.276000022888184,116.00900268554688,163.86000061035156
198,4V9Q,AA,-22.880000114440918,116.11299896240234,164.385498046875
199,4XEJ,A23S,-23.388500213623047,114.17749786376953,161.0865020751953
200,4L47,RA,-23.74650001525879,116.11199951171875,163.5459976196289
201,4TUA,RA,-23.741999626159668,115.33899688720703,163.32300567626953
202,4TUB,RA,-23.60550022125244,113.53300094604492,162.22100067138672
203,4TUC,RA,-23.470499992370605,115.87649917602539,163.62999725341797
204,4TUD,RA,-23.491000175476074,115.88750076293945,163.2570037841797
205,4TUE,RA,-23.458999633789062,115.40750122070312,162.06399536132812
206,4V8U,BA,-57.06949996948242,-8.081999897956848,64.6240005493164
207,4V90,BA,-35.603498458862305,-11.382499694824219,-105.875
208,4WPO,AA,76.85199737548828,-52.305999755859375,-2.75600004196167
209,4WQF,AA,76.56999969482422,-52.33699989318848,-2.8964998722076416
210,4WQY,AA,76.76499938964844,-52.3435001373291,-2.694999933242798
211,4WT8,C1,-23.86900043487549,117.79450225830078,168.156494140625
212,5IMQ,D,204.70249938964844,232.62449645996094,219.31649780273438
213,5J30,RA,-23.774999618530273,115.36800003051758,163.57799530029297
214,5J3C,RA,-24.191499710083008,115.58300018310547,163.95249938964844
215,5J8B,A,221.41649627685547,15.666999816894531,471.0709991455078
216,5ZLU,V,195.0919952392578,223.51099395751953,211.3584976196289
217,6GZQ,A1,337.38999938964844,396.7209930419922,291.24549865722656
218,5NGM,AA,245.2229995727539,206.1020050048828,187.65499877929688
219,5T7V,B,146.64550018310547,175.80500030517578,163.36549377441406
220,6HMA,A,131.24949645996094,138.90399932861328,160.73049926757812
221,6S0X,A,183.97450256347656,210.5250015258789,200.0915069580078
222,6S0Z,A,184.8249969482422,210.36050415039062,200.60700225830078
223,6S12,A,185.1645050048828,209.45849609375,199.48699951171875
224,6S13,A,184.25399780273438,208.91549682617188,198.3144989013672
225,6WRU,1,195.56600189208984,197.33450317382812,226.9654998779297
226,7ASO,Y,170.63700103759766,187.89299774169922,157.39649963378906
227,7ASP,Y,230.7104949951172,197.8864974975586,190.0854949951172
228,3JBU,b,218.2935028076172,193.64199829101562,202.60449981689453
229,3JCD,A,233.51300048828125,214.0155029296875,207.50250244140625
230,4YBB,CA,-37.861000061035156,115.49700164794922,163.50399780273438
231,5IT8,CA,-37.608999252319336,116.00749969482422,163.27449798583984
232,5JC9,CA,-38.10350036621094,116.35149765014648,164.24899291992188
233,5KCR,1A,188.04800415039062,210.08100128173828,200.17400360107422
234,5KCS,1A,187.92649841308594,210.33499908447266,200.22750091552734
235,5KPS,28,219.65349578857422,192.38949584960938,182.52349853515625
236,5KPW,27,219.7845001220703,192.1719970703125,182.43050384521484
237,5KPX,27,220.2935028076172,192.53600311279297,182.50699615478516
238,5UYK,01,222.4375,193.5979995727539,184.34349822998047
239,5UYL,01,222.1155014038086,193.42899322509766,184.3730010986328
240,5UYM,01,222.44650268554688,193.68900299072266,184.43099975585938
241,5UYP,01,221.3455047607422,190.85350036621094,181.79199981689453
242,5UYQ,01,221.093994140625,190.96300506591797,181.96199798583984
243,6BU8,01,222.23250579833984,193.7614974975586,184.39700317382812
244,6GC8,A,183.75800323486328,159.30050659179688,173.23699951171875
245,6SZS,A,189.78299713134766,223.80999755859375,206.05050659179688
246,6TBV,23S1,178.625,184.67449951171875,180.125
247,6TC3,23S1,179.6739959716797,183.88949584960938,179.67200469970703
248,6WDF,1,212.1320037841797,189.42849731445312,178.08999633789062
249,6WDG,1,212.06200408935547,189.52749633789062,178.17850494384766
250,6WDJ,1,215.05149841308594,187.885498046875,177.7854995727539
251,6WDL,1,214.73999786376953,187.7969970703125,177.74549865722656
252,6XZ7,A,232.10700225830078,230.23300170898438,242.02950286865234
253,6XZA,A2,232.10700225830078,230.23300170898438,242.02950286865234
254,6XZB,A2,232.18600463867188,230.1685028076172,241.94400024414062
255,6Y69,A,194.92849731445312,226.78599548339844,210.44499969482422
256,7B5K,A,166.45849609375,200.07550048828125,183.04900360107422
257,7BL2,A,183.62950134277344,160.5634994506836,171.94049835205078
258,7BL3,A,183.83550262451172,160.56749725341797,172.2145004272461
259,7BL4,A,192.84500122070312,196.44550323486328,179.43399810791016
260,7BV8,A,185.74250030517578,174.88499450683594,163.08499908447266
261,7JT1,1,169.82050323486328,167.08049774169922,187.36750030517578
262,7JT2,1,170.54500579833984,166.8574981689453,187.3144989013672
263,7JT3,1,172.27650451660156,167.14350128173828,186.43299865722656
264,7K50,1,237.7205047607422,218.8300018310547,215.78500366210938
265,7K51,1,236.4250030517578,218.80249786376953,216.03050231933594
266,7K52,1,237.5675048828125,218.67499542236328,215.8395004272461
267,7K53,1,235.7125015258789,218.9929962158203,215.79999542236328
268,7K54,1,234.82250213623047,218.94850158691406,215.8094940185547
269,7K55,1,234.64099884033203,219.04650115966797,215.80249786376953
270,7LV0,1,237.54399871826172,227.72949981689453,215.90499877929688
271,7N1P,23,333.09649658203125,301.58799743652344,306.80149841308594
272,7N2U,23,332.92149353027344,301.6604919433594,306.8040008544922
273,7N2V,23,332.8659973144531,301.7225036621094,306.9735107421875
274,7N30,23,332.9189910888672,301.5955047607422,306.75950622558594
275,7N31,23,333.093505859375,301.5929870605469,306.8949890136719
276,7OIZ,a,192.87899780273438,220.89849853515625,211.5685043334961
277,7OJ0,a,192.85050201416016,220.94449615478516,211.56000518798828
278,7P3K,a,234.35499572753906,258.68699645996094,223.1814956665039
279,7PJV,A,184.79500579833984,181.9010009765625,152.0070037841797
280,7PJY,A,183.5354995727539,182.97900390625,151.54150390625
281,7QG8,N,313.9550018310547,313.4150085449219,410.72149658203125
282,7SS9,1,211.93900299072266,195.8144989013672,186.42599487304688
283,7SSD,1,212.64200592041016,195.7959976196289,187.17350006103516
284,7SSL,1,212.28150177001953,197.0229949951172,189.25
285,7SSN,1,178.37649536132812,210.1884994506836,206.0219955444336
286,7SSO,1,178.09100341796875,210.10649871826172,206.39649963378906
287,7SSW,1,211.86150360107422,198.38400268554688,186.17449951171875
288,7ST2,1,221.6060028076172,203.8625030517578,198.9770050048828
289,7ST6,1,179.03850555419922,207.2135009765625,203.1750030517578
290,7TOQ,A25S,274.2044982910156,266.1675109863281,244.06299591064453
291,7TOR,A28S,277.9405059814453,303.60699462890625,297.2165069580078
292,1W2B,0,71.7859992980957,128.39599609375,99.75249862670898
293,3J9Y,A,188.22899627685547,210.239501953125,200.25550079345703
294,3JCJ,A,177.63249969482422,205.05699920654297,197.7979965209961
295,4UY8,A,-3.9390000700950623,20.486000061035156,11.993499517440796
296,4V4H,BB,84.48550033569336,-44.76849937438965,-84.61999893188477
297,4V4Q,BB,84.49850082397461,-44.78249931335449,-84.64649963378906
298,4V50,BB,84.01499938964844,-46.32350158691406,-84.67599868774414
299,4V52,BB,84.70399856567383,-44.98700141906738,-84.44900131225586
300,4V53,BB,84.80400085449219,-44.69999885559082,-84.52999877929688
301,4V56,BB,84.63899993896484,-44.82550048828125,-84.5895004272461
302,4V57,BB,84.72999954223633,-44.67799949645996,-84.58549880981445
303,4V5B,AB,84.00450134277344,-44.72049903869629,-83.8640022277832
304,4V64,BB,84.67799758911133,-44.868499755859375,-84.69750213623047
305,4V89,BA,-114.46549987792969,30.177499771118164,-18.047499656677246
306,5AFI,A,180.80699920654297,173.3385009765625,146.29700469970703
307,5GAD,A,221.9175033569336,228.03900146484375,237.78800201416016
308,5GAE,A,235.43599700927734,229.01100158691406,236.6554946899414
309,5GAH,A,228.9489974975586,215.31100463867188,226.739501953125
310,5JTE,BA,190.44850158691406,210.81600189208984,202.3249969482422
311,5LZA,A,180.58799743652344,170.91699981689453,145.1989974975586
312,5LZD,A,179.83200073242188,172.82450103759766,144.33300018310547
313,5LZE,A,181.3134994506836,170.8730010986328,145.86849975585938
314,5MDV,1,222.2509994506836,182.83150482177734,213.3560028076172
315,5MDW,1,222.20249938964844,182.71500396728516,213.37750244140625
316,5MDZ,1,222.25650024414062,182.69900512695312,213.37549591064453
317,5MGP,A,188.11199951171875,210.03250122070312,200.31949615478516
318,5WDT,A,210.2830047607422,193.9384994506836,184.22650146484375
319,5WE4,A,209.5564956665039,193.5949935913086,184.0399932861328
320,5WE6,A,207.91299438476562,190.09950256347656,180.37950134277344
321,5WF0,A,209.74200439453125,192.65499877929688,184.01850128173828
322,5WFS,A,209.7750015258789,192.77899932861328,183.92049407958984
323,5ZEB,A,233.57250213623047,208.35900115966797,193.697998046875
324,5ZEP,A,233.677001953125,206.27200317382812,196.8560028076172
325,6C4I,A,240.2845001220703,207.16549682617188,213.98200225830078
326,6D90,5,230.6780014038086,210.07949829101562,226.20800018310547
327,6D9J,5,238.63399505615234,213.51700592041016,215.7154998779297
328,6DNC,B,257.74950408935547,230.17050170898438,223.7274932861328
329,6ENF,A,189.33600616455078,222.20700073242188,205.8915023803711
330,6ENJ,A,189.5885009765625,222.37299346923828,205.64949798583984
331,6ENU,A,189.42050170898438,222.19850158691406,205.84400177001953
332,6GWT,A,185.01099395751953,216.80799865722656,201.17449951171875
333,6GXM,A,184.989501953125,216.8790054321289,201.16699981689453
334,6GXN,A,184.9394989013672,216.89800262451172,201.13099670410156
335,6GXO,A,184.89099884033203,217.07649993896484,201.13150024414062
336,6HA1,A,184.9314956665039,216.8090057373047,203.2270050048828
337,6HA8,A,184.91799926757812,216.74349975585938,202.8134994506836
338,6I0Y,A,191.23299407958984,223.30599975585938,207.7259979248047
339,6I7V,DA,-71.03399658203125,-51.2244987487793,-1.3624999523162842
340,6O9J,B,209.64949798583984,199.05599975585938,199.09949493408203
341,6OGF,1,219.14300537109375,181.8404998779297,207.9990005493164
342,6OGI,1,217.86949920654297,183.6624984741211,206.322998046875
343,6OM6,1,238.98849487304688,219.1240005493164,206.4759979248047
344,6ORE,1,285.2620086669922,210.51649475097656,245.74949645996094
345,6ORL,1,223.8000030517578,226.2229995727539,195.4834976196289
346,6OSK,1,221.71199798583984,224.13300323486328,193.70999908447266
347,6OSQ,1,225.99749755859375,225.20399475097656,196.2804946899414
348,6OT3,1,226.25900268554688,225.13400268554688,196.25
349,6OUO,1,278.53900146484375,273.52899169921875,248.60350036621094
350,6PJ6,I,205.04449462890625,224.96849822998047,212.3040008544922
351,6Q97,1,229.61500549316406,196.18350219726562,221.04199981689453
352,6Q9A,1,229.71800231933594,197.39649963378906,221.25350189208984
353,6S0K,A,248.9654998779297,228.88199615478516,232.2405014038086
354,6VWL,2,325.2429962158203,299.4624938964844,312.97300720214844
355,6VWM,2,325.0279998779297,299.7019958496094,312.5744934082031
356,6VWN,2,325.0135040283203,299.7220001220703,312.468994140625
357,6WD0,1,212.17599487304688,189.26399993896484,178.05050659179688
358,6WD1,1,212.08300018310547,189.33150482177734,178.18399810791016
359,6WD3,1,213.75749969482422,188.06800079345703,177.88700103759766
360,6WD4,1,213.7469940185547,187.90499877929688,177.95999908447266
361,6WD5,1,213.76950073242188,187.94649505615234,178.08499908447266
362,6WD7,1,213.90599822998047,187.8834991455078,177.83300018310547
363,6WDD,1,215.0009994506836,188.31099700927734,178.21299743652344
364,6WDM,1,214.90750122070312,187.760498046875,177.9134979248047
365,6YSR,A,184.79949951171875,182.4384994506836,152.4635009765625
366,6YSS,A,184.802001953125,182.2154998779297,152.44550323486328
367,6YST,A,183.2050018310547,183.09849548339844,152.5114974975586
368,6YSU,A,191.92350006103516,187.4114990234375,159.8530044555664
369,7K00,a,167.8219985961914,148.50999450683594,177.58499908447266
370,7LVK,I,205.1290054321289,225.04349517822266,212.26200103759766
371,7MT2,A,196.53799438476562,184.4334945678711,155.02249908447266
372,7MT3,A,194.7115020751953,185.36399841308594,154.08200073242188
373,7MT7,A,195.7354965209961,184.9929962158203,155.11299896240234
374,7NSO,A,193.9615020751953,225.8925018310547,209.0919952392578
375,7NSP,A,194.33800506591797,225.88249969482422,209.04700469970703
376,7NSQ,A,194.0844955444336,226.00350189208984,209.08799743652344
377,7NWT,1,230.04857635498047,231.3131332397461,266.09361267089844
378,7NWW,1,241.02599334716797,208.8594970703125,198.9124984741211
379,7OIF,1,240.97799682617188,208.9124984741211,198.91649627685547
380,7OIG,1,240.99250030517578,208.88750457763672,198.81900024414062
381,7OII,1,240.97000122070312,208.83699798583984,198.91000366210938
382,7OSA,25S,-76.11699676513672,-5.259999990463257,31.892000198364258
383,7OSM,25S,-75.86499786376953,-5.677499890327454,32.218000411987305
384,7OT5,1,240.9540023803711,208.90799713134766,198.96599578857422
385,7P7T,A,165.6685028076172,150.63249969482422,185.28499603271484
386,7PJS,A,185.37850189208984,181.32649993896484,152.8280029296875
387,7S1I,I,211.38700103759766,237.65049743652344,221.79800415039062
388,7S1J,I,211.33899688720703,236.75,220.93799591064453
389,7S1K,I,211.5060043334961,236.92849731445312,221.16900634765625
390,7TOO,A25S,206.21099853515625,220.7490005493164,192.73049926757812
391,7TOP,A25S,197.2010040283203,210.43250274658203,192.37850189208984
392,7TOS,23S,211.1884994506836,183.7490005493164,173.7135009765625
393,7UNR,A,205.21849822998047,207.69400024414062,239.53250122070312
394,7UNU,A,205.29150390625,207.90350341796875,239.61100006103516
395,7UNV,A,205.10250091552734,226.60199737548828,194.1884994506836
396,7UNW,A,205.09500122070312,226.54049682617188,194.13800048828125
397,4IO9,X,54.387001037597656,123.70599746704102,122.3489990234375
398,4IOA,X,54.38750076293945,122.57000350952148,122.37149810791016
399,4IOC,X,54.804500579833984,123.36749649047852,121.67399978637695
400,4P6F,RA,-23.100000381469727,113.88850021362305,162.06849670410156
401,4W29,BA,41.48500061035156,-160.0885009765625,105.1505012512207
402,6B4V,B,80.87149810791016,-52.34049987792969,-2.7704999446868896
403,6BOH,B,79.15549850463867,-52.01700019836426,-2.1615002155303955
404,4V9J,BA,40.80699920654297,-161.1520004272461,103.96200180053711
405,4V9K,BA,32.70550060272217,-160.45550537109375,101.84500122070312
406,4V9L,BA,33.46749973297119,-160.51699829101562,100.3125
407,4V8I,BA,76.40049743652344,-52.203500747680664,-2.179999828338623
408,7M4W,A,228.66299438476562,229.92599487304688,237.7344970703125
409,7M4X,A,205.2750015258789,229.00899505615234,194.6699981689453
410,7RYF,A,289.87799072265625,293.5080108642578,299.1675109863281
411,7RYG,A,290.02149963378906,293.52850341796875,299.2384948730469
412,7RYH,A,289.6959991455078,293.63250732421875,299.28900146484375
413,4V9R,BA,76.53450012207031,-52.36400032043457,-2.1434998512268066
414,4WF1,BA,-71.39850234985352,-50.90850067138672,-1.2935001850128174
415,6CFK,1A,76.41650009155273,-52.30649948120117,-2.1064999103546143
416,3J7Z,A,187.81900024414062,209.99600219726562,200.2169952392578
417,4V9S,BA,76.4384994506836,-52.40999984741211,-2.2704999446868896
418,4W2F,BA,76.32149887084961,-52.0994987487793,-2.517000198364258
419,4W2G,BA,75.91650009155273,-52.122501373291016,-2.5349998474121094
420,4W2H,BA,76.25299835205078,-51.99099922180176,-2.370500087738037
421,4W2I,BA,75.91850280761719,-51.553001403808594,-2.689500093460083
422,4Z3S,1A,76.33200073242188,-51.54600143432617,-2.255000114440918
423,4Z8C,1A,76.55599975585938,-52.435001373291016,-2.2824997901916504
424,5DOY,1A,76.01250076293945,-51.56049919128418,-2.2219998836517334
425,5HAU,1A,76.40999984741211,-52.20650100708008,-2.440999984741211
426,5HCP,1A,76.5364990234375,-52.359500885009766,-2.3545002937316895
427,5HCQ,1A,76.4834976196289,-52.401498794555664,-2.4075000286102295
428,5HCR,1A,76.41349792480469,-52.4370002746582,-2.3494999408721924
429,5HD1,1A,76.6400032043457,-52.30900001525879,-2.517500162124634
430,5W4K,1A,76.49499893188477,-52.06549835205078,-2.3510000705718994
431,6CAE,1A,76.37649917602539,-52.07299995422363,-2.2829999923706055
432,6CFJ,1A,76.43149948120117,-52.22249984741211,-2.3919999599456787
433,6ND5,1A,76.28400039672852,-52.02050018310547,-2.4119999408721924
434,6ND6,1A,76.40450286865234,-52.0625,-2.373500108718872
435,6O97,1A,76.17499923706055,-51.934499740600586,-2.43399977684021
436,7RQ8,1A,76.83200073242188,-52.17500114440918,-2.2599997520446777
437,7RQ9,1A,76.34550094604492,-51.59749984741211,-2.26200008392334
438,4V7S,BA,-71.20600128173828,-50.630001068115234,-1.494999885559082
439,4V7T,BA,-71.39699935913086,-50.85700035095215,-1.2569997310638428
440,4V7V,BA,-71.36849975585938,-50.81449890136719,-1.3529996871948242
441,5J88,CA,-38.2765007019043,116.14750289916992,162.9540023803711
442,5J8A,CA,-38.02799987792969,115.9640007019043,163.10999298095703
443,5J91,CA,-37.73700141906738,115.84149932861328,163.3689956665039
444,1SM1,0,54.38750076293945,122.5265007019043,122.41350173950195
445,2ZJP,X,54.27400016784668,123.67499923706055,122.5265007019043
446,3CF5,X,53.87150001525879,123.45099639892578,122.31900024414062
447,3PIO,X,54.566999435424805,123.96549987792969,122.29350280761719
448,3PIP,X,54.256500244140625,122.96050262451172,121.86600112915039
449,4V7L,BA,75.72050094604492,-52.13749885559082,-2.678499937057495
450,4V7M,BA,-74.8740005493164,-51.99800109863281,3.005499839782715
451,4V7W,BA,76.4990005493164,-52.20000076293945,-2.2904999256134033
452,4V7X,BA,76.83150100708008,-52.04749870300293,-2.0304999351501465
453,4V7Y,BA,76.54999923706055,-52.356000900268555,-2.3380000591278076
454,4V7Z,BA,75.63500213623047,-51.00899887084961,-2.3999998569488525
455,4V8A,AA,185.84950256347656,-107.85299682617188,-146.87450408935547
456,4V9A,BA,28.397500038146973,275.9659881591797,-0.8905000686645508
457,4V9B,BA,28.573500633239746,277.10499572753906,-1.2024998664855957
458,4WQU,AA,77.19350051879883,-52.52400016784668,-2.7275002002716064
459,5DOX,1A,76.07950210571289,-52.102500915527344,-1.8555002212524414
460,6CFL,1A,76.42250061035156,-52.31149864196777,-2.1090002059936523
461,6CZR,1A,75.7040023803711,-52.45450019836426,-2.7155001163482666
462,4V9C,BA,-37.48550033569336,116.06499862670898,158.4990005493164
463,4V9O,AA,166.84100341796875,245.24649810791016,40.01449966430664
464,4V9P,AA,166.5009994506836,245.2249984741211,41.47649955749512
465,4WWW,RA,-70.74749755859375,-50.694000244140625,-1.566999912261963
466,5J5B,CA,-37.80200004577637,115.73600006103516,163.4665069580078
467,5J7L,CA,-38.04300117492676,115.93550109863281,163.64649963378906
468,7JSS,1,185.45050048828125,170.7770004272461,194.1685028076172
469,7JSW,1,186.00350189208984,170.99250030517578,193.46199798583984
470,7JSZ,1,185.40850067138672,171.10050201416016,194.13150024414062
471,7ST7,1,220.23600006103516,203.8499984741211,200.3455047607422
472,4V85,BA,-110.2750015258789,30.2185001373291,-18.477499961853027
473,6U48,CA,122.91500091552734,83.45149993896484,105.35350036621094
474,6WD2,1,213.74600219726562,187.8635025024414,178.12249755859375
475,6WD8,1,213.98899841308594,188.2415008544922,177.96399688720703
476,6WD9,1,213.70999908447266,188.2989959716797,177.7375030517578
477,6WDA,1,214.04349517822266,188.1479949951172,177.9695053100586
478,6WDK,1,214.9905014038086,188.03350067138672,177.89949798583984
479,7S1G,I,208.07500457763672,233.56200408935547,217.71199798583984
480,7S1H,I,208.13800048828125,233.4824981689453,217.58799743652344
481,6VU3,a,239.697998046875,236.51950073242188,241.9654998779297
482,6VYQ,a,239.9679946899414,236.51549530029297,240.41300201416016
483,6VYR,a,242.92650604248047,240.90149688720703,242.9029998779297
484,6VYS,a,242.76100158691406,237.86800384521484,243.18299865722656
485,6X7F,a,281.43699645996094,239.90149688720703,261.0034942626953
486,6X7K,a,281.27301025390625,239.69049835205078,261.28851318359375
487,6XDQ,a,279.4665069580078,242.02450561523438,261.52850341796875
